1,toilatoi,toilatoi,1,2020-12-29
2,bestlee0011,bestlee0011,2,2020-12-29
1001,doannam58280,smDM6HbxvwCo,0,2020-12-27
1002,culien56687,VYwKg3iWRI,1,2020-12-27
1003,namthang21034,l0KHwylr7H9Xcx,0,2020-12-27
1004,cutuan83730,ep2iIKfH1oUvbm,3,2020-12-27
1006,lehai98844,jUfuYkKAX,2,2020-12-27
1007,lynam51409,o1zSvmLVAbYx,2,2020-12-27
1008,hoangphan89284,22RO78E1KTn,0,2020-12-27
1009,lymai90567,CuPmBsbp6NrB,3,2020-12-27
1010,dactuan26180,IOlHbkmqys,1,2020-12-27
1011,lythu64163,FbdqPnTgbeCPL78,0,2020-12-27
1012,phamthu32993,6PojAKDMR3lhu1F,3,2020-12-27
1013,maiquyet14369,pLTj6Hp65,0,2020-12-27
1014,vanthang74836,BlAHxyxK8,2,2020-12-27
1015,lyhao21363,WypwvsQzLLxfCGA,3,2020-12-27
1016,46939abcdefgh,S79jHVoAzgPVe0,2,2020-12-27
1017,dacphuong55713,ok9wBhCOOJ,0,2020-12-27
1018,phunghoa1075,riy6gAJ0LyVF,0,2020-12-27
1019,dacquang74337,Ww95OMotN04QTVq,1,2020-12-27
1020,xagiang93980,3Oc904vssz,2,2020-12-27
1021,hoangphong87174,Sqj3illg9okBuX,3,2020-12-27
1022,phamminh72698,bJ6E6tNt,0,2020-12-27
1023,lydao87331,Izu2vv4KeaWV6FM,2,2020-12-27
1024,xaphuong8668,lnUQ9QSq,2,2020-12-27
1025,doanlam45189,PmxEme03bB,2,2020-12-27
1026,maihai41859,qO684CHG1sr,0,2020-12-27
1027,phanhoan50302,SGBFv4Zf6fw7,0,2020-12-27
1028,tranvinh14049,S9uaK6UdUNnpOy,2,2020-12-27
1029,maithang3229,2UBgXm7DJ,1,2020-12-27
1030,duyhai1690,Fr2Axghv3bdn,3,2020-12-27
1031,tranluyen63252,8Zrv1ADiEdw5jF6,3,2020-12-27
1032,nguyenphuong8987,SMXF1Ox3,3,2020-12-27
1033,vanlinh72951,xJ9uwPryO5ai,3,2020-12-27
1034,maihuyen85210,dqYojdHe,3,2020-12-27
1035,phamthang80795,IsMN57i1C1,1,2020-12-27
1036,daothach42965,4PHYDsAIz,3,2020-12-27
1037,duythach38224,qlfwQHKTY55ld25,0,2020-12-27
1038,duymai74993,T58oALAg,2,2020-12-27
1039,vandieu87066,0zBRIsCZi,0,2020-12-27
1040,dangduc29243,Lk4gdpIPEXAKCiK,1,2020-12-27
1041,doanquang7305,1ScRAjqy,0,2020-12-27
1042,namphuc23908,XDoZtD8jrN64KQk,3,2020-12-27
1043,phanthang88067,yG6eOf9uOeve,3,2020-12-27
1044,maihoa59606,IKyvOovXfmU8vT,1,2020-12-27
1045,maidao41485,Trpxuw9RiCBnL1,0,2020-12-27
1046,cuquyen49678,5orQbgnLHssBvj,3,2020-12-27
1047,maihoa24919,gXYVACq1Tj4lFl,3,2020-12-27
1048,doanlam7416,TuQe5KzIM1S4uqX,3,2020-12-27
1049,nguyenhai67587,8bnHSLF8yBSxWWP,2,2020-12-27
1050,hoangphuc8056,uaHuj1N4fSpoQTL,2,2020-12-27
1051,vanphuong81106,Fnvjyy2E7E,3,2020-12-27
1052,lylinh80947,1xISq7AgBPCESOH,0,2020-12-27
1053,maidieu3847,s5FR2Dmaf3uP8a,2,2020-12-27
1054,phamvinh74220,YJeSKovZPVh,0,2020-12-27
1055,maigiang1351,8WaLjr7RakQJxk,3,2020-12-27
1056,doanluyen3163,yTsRwQanqoh,2,2020-12-27
1057,doangiang10058,pfT5ktYkC6x,0,2020-12-27
1058,vanthang39510,LlHEMILXoEnH,0,2020-12-27
1059,doandao51917,Sim1gtlfBOjY,1,2020-12-27
1060,xathang54036,w2QFP6jzCG5vJ,0,2020-12-27
1061,vandieu19938,yifE3QCz8,2,2020-12-27
1062,maituan61257,uGhBkcYvmgLsNPA,2,2020-12-27
1063,dangphan32404,LUqXYotxr,1,2020-12-27
1064,tranthu19482,99YADjXKIq,3,2020-12-27
1065,dodung74313,vLQQ9eiaxObi,2,2020-12-27
1066,phanphuc23792,EGV3wrGfXxnUJb9,1,2020-12-27
1067,xahao96903,RoocPxJCj,1,2020-12-27
1068,duylien38989,PcJFh1yWDgb,0,2020-12-27
1069,tranphuong96922,tJcEtcY0wnBd9,2,2020-12-27
1070,vanphan85485,8MgT1SGSMMSkH,1,2020-12-27
1071,danggiang14459,TX0riXTtZC90wT4,3,2020-12-27
1072,phungluyen84014,khG6SkgEZq85,2,2020-12-27
1073,vanminh39796,qwE4tFuS,1,2020-12-27
1074,lydao78128,fmDFDzWRxWUQ,0,2020-12-27
1075,daophong54868,s5qVfR2BYOQ8NA,0,2020-12-27
1076,lethu95144,xiXbRVrY72,1,2020-12-27
1077,cunam29743,NrvUwnc4X8gy,1,2020-12-27
1078,vanquyen15911,5tpkWUTtS,1,2020-12-27
1079,mailinh4076,RaP4cXFzUbOxQnv,1,2020-12-27
1080,daogiang77481,m6hgVAtsUd6T,3,2020-12-27
1081,nguyenphuong38108,LhMQIC21g3avXkE,2,2020-12-27
1082,dacphan51757,smZlVrwfev0,3,2020-12-27
1083,namluyen85223,AjniVYO8AvF,0,2020-12-27
1084,maidieu81329,mMTFn2Tfd62tR,3,2020-12-27
1085,tranquyen69713,wVWmVmlzE,0,2020-12-27
1086,dangduc98680,C98ovs1Brv,1,2020-12-27
1087,trangiang56297,yOVsfPt3TB,0,2020-12-27
1088,daohoa94840,BBFSS70Q,0,2020-12-27
1089,maithu9372,fGfPKOYbfLINh,0,2020-12-27
1090,xaquang88178,YaQbyT75reo4S,3,2020-12-27
1091,dacdieu7109,Da7Csa7s5M,0,2020-12-27
1092,phungminh45054,IjlgTVfVNaoLzc0,0,2020-12-27
1093,tranviet90949,ZFrmA5ZqiixVP,3,2020-12-27
1094,doanthach81082,JgWAMyGry,3,2020-12-27
1095,hothu51283,fKbY0MsGbXBcA2K,0,2020-12-27
1096,vanthang9413,jXhz5Gtg4aKe,0,2020-12-27
1097,duygiang6136,vylVmmEnoMdEPfW,1,2020-12-27
1098,hominh95673,ZGXayfa8Ve2R,2,2020-12-27
1099,phamthach73363,AQWXqYG9E,1,2020-12-27
1100,cuquy5584,0uJNjQQgm3b6,3,2020-12-27
1101,vanmai23185,jwLtuvLTN3abCNh,3,2020-12-27
1102,vanthu64462,Kbt02UkyiwS,3,2020-12-27
1103,doanhoa75547,FVnxggdRr,2,2020-12-27
1104,lylong59592,blMoKM2vO6mC,0,2020-12-27
1105,vandung10578,MmFD2sPs7tzz,2,2020-12-27
1106,phamthu38582,cchNXtiu8v8,3,2020-12-27
1107,tranhai33758,wdwpJJmZ,3,2020-12-27
1108,xahai97076,yd3HlXvDoXw6hU,0,2020-12-27
1109,lyquyet67140,UFhkWxGrYwdjg,0,2020-12-27
1110,ledung8185,TPTBFgHq5kT2ZV,0,2020-12-27
1111,homai21399,9qDg52yKjOCL5Xi,2,2020-12-27
1112,daophuc32892,uwX4bR5O,0,2020-12-27
1113,phungphan54900,dKYTT6cX8,1,2020-12-27
1114,tranthach26974,PkaZKod5Rb,0,2020-12-27
1115,vannam87243,GCaU9DMu,1,2020-12-27
1116,duythang49633,U5sk67U9diyLB2g,1,2020-12-27
1117,maiphuc61229,kusjMng3FyVm,1,2020-12-27
1118,phamtuan89086,yrpadFihJKPQaX,2,2020-12-27
1119,lythach45478,SSCUd28YTg,1,2020-12-27
1120,tranduc60182,SySQUsUAwtyNc,1,2020-12-27
1121,duyphan78279,Yo6fz8eYk2I2,2,2020-12-27
1122,dohoa69542,bk0Rk0ACjDh,1,2020-12-27
1123,maihai42408,EqQ2ICIR,0,2020-12-27
1124,15234abcdefgh,tgQJYAfm1,1,2020-12-27
1125,vanquy53832,q92Tfu8Fm7g,1,2020-12-27
1126,dolong96376,n2lcsXCeMXM,3,2020-12-27
1127,doanquang67330,mg8Swcx7N8l7ub3,0,2020-12-27
1128,doquynh21895,NksOJIlp9n,2,2020-12-27
1129,hoangnam95585,PdXhcm8A,3,2020-12-27
1130,lyhoa45776,oOorC5Jmhi,2,2020-12-27
1131,mailuyen17686,HuLPcjHLLeUOvP,0,2020-12-27
1132,nguyenmai36484,2ZpRWxr0MDnYOPF,1,2020-12-27
1133,lequang67530,Z4T40o7D,3,2020-12-27
1134,cugiang36230,Mz6y6ZwXk,1,2020-12-27
1135,daoduc8555,dFc8zQNaNrCcg0,0,2020-12-27
1136,hoanghoa72342,kONVgHd7,1,2020-12-27
1137,phamhoa16974,Gt5ZnLDfhwM,3,2020-12-27
1138,xaquyen9261,EDsRSp6LeCFPob,1,2020-12-27
1139,lehuyen28250,4KqSKpOHiXCHmg,1,2020-12-27
1140,duyhai41863,CcNRUSDhBkuNgD,2,2020-12-27
1141,phanhai91880,cjDcL2wbBs83k,1,2020-12-27
1142,doanphuong76162,YoFF0EZQh5Xgc3,1,2020-12-27
1143,xaquy9784,4igjUdkZda,0,2020-12-27
1144,vanhoa87022,6alhIG3wVvP,3,2020-12-27
1145,phamluyen27628,UFDipc7egz,0,2020-12-27
1146,cumai43489,cp4MJ2RGLQXJbr,0,2020-12-27
1147,phandung1220,dWmV69BV6WX4uwp,3,2020-12-27
1148,danghuyen62070,m7eLgMtI5,2,2020-12-27
1149,mailam42879,VuEttAFTpRNC5Zc,2,2020-12-27
1150,dangphan15048,FFDaNcan,2,2020-12-27
1151,phamquynh74018,QGeRUAt5Asqc,0,2020-12-27
1152,lydieu2722,Z1yfqnx9Lz2M9,2,2020-12-27
1153,namtuan24255,XzR4O0Rwyys,1,2020-12-27
1154,lemai32889,H2JqpYPEukO,1,2020-12-27
1155,tranphong70915,S6LDNRhHNoq,3,2020-12-27
1156,hoangphuc63978,9sVkUjJKu0mqka,1,2020-12-27
1157,dohai12348,MAGZshlNfhGKkf,2,2020-12-27
1158,maiduc2871,PUyUwyvw53,3,2020-12-27
1159,hoangnam28638,fOoegnklsK,1,2020-12-27
1160,hoangthu91888,5bIhmqR8,2,2020-12-27
1161,vanlinh61863,1oY5PVXH,1,2020-12-27
1162,cuhoa92590,2W3m61AhY7mZjm,1,2020-12-27
1163,vanviet65788,pK9bg8iCUPUTL,1,2020-12-27
1164,namdao13432,HYhY6uuC,1,2020-12-27
1165,dominh93100,O913VRVll1DAuT,2,2020-12-27
1166,vanvinh98306,Vqk6dXFRC,3,2020-12-27
1167,cuthach80919,jdGsiCntBg,1,2020-12-27
1168,lyphong68225,mt1nBm7f,2,2020-12-27
1169,lygiang59687,CU3hio2RmwMSuf,2,2020-12-27
1170,dangviet30430,7lTpFuSpESZGBB,1,2020-12-27
1171,cuthang74908,tVNN8osxyYWI3,2,2020-12-27
1172,hoangduc24589,tj9XQZauBtQr8Zs,1,2020-12-27
1173,phamphuc72400,Erng3RFERD,2,2020-12-27
1174,hohai10021,4FBxqkp1z,0,2020-12-27
1175,daolam22879,vTk3cidpLK3,3,2020-12-27
1176,xagiang27792,XmaJYrcWoGZ7nkL,2,2020-12-27
1177,lyphong27616,FSNiXfQI2eaT,1,2020-12-27
1178,dacphan29385,a6sL2hubykl3I,0,2020-12-27
1179,maigiang54508,DQrZrTPh,1,2020-12-27
1180,trantuan70411,IboU6FcD5vTfg,2,2020-12-27
1181,vantuan62257,VelTpDwB2Lvn,2,2020-12-27
1182,cuthach93070,I3D4lWL4J,3,2020-12-27
1183,nguyenhoa35116,RbTTpV5edWIJzh,0,2020-12-27
1184,maihoa43360,Vwfq9eY1,0,2020-12-27
1185,tranviet43273,mtkf57CTPj4XV,2,2020-12-27
1186,dangphan95495,DKqp17fyM4,2,2020-12-27
1187,vanlam40678,epnEwI54I3UeXqJ,3,2020-12-27
1188,cuhai66193,DL6ZrrDVNqeUB,2,2020-12-27
1189,maigiang54666,o2S2qx7nOLIF,3,2020-12-27
1190,phungphuong73453,czXiSkHYmARd,3,2020-12-27
1191,vanphan93573,ygugCR8cxNR9Bv8,3,2020-12-27
1192,xaquyen41579,dqr1ngvGL8rX9u,0,2020-12-27
1193,vanduc1731,D2rYi0DEo9,2,2020-12-27
1194,lydao49555,Z9zUdTv62y4tTLp,1,2020-12-27
1195,dangquynh55248,VGu6ldIma,3,2020-12-27
1196,danghoan8686,c1ygUVZm,0,2020-12-27
1197,cuvinh85448,enwpXxeYhS,2,2020-12-27
1198,duyphan83658,h9DEBNCk,0,2020-12-27
1199,duydung67504,T8RtR327gx2VqvV,0,2020-12-27
1200,phungthu78219,vwLZ0X3n2Sk1oU,3,2020-12-27
1201,nguyentruong18808,ZEumVwzr,1,2020-12-27
1202,daclam54692,D7FWpgy4ORZVpd,2,2020-12-27
1203,hoangviet97720,U3QumIjh9,3,2020-12-27
1204,vanhoan52937,Nkiuump3O,3,2020-12-27
1205,lyviet81072,6iu92OtotRfuV,0,2020-12-27
1206,lelinh22849,VqD0NHmXR0,1,2020-12-27
1207,phanquy61258,MIx5JLY5CI49,2,2020-12-27
1208,vanhuyen16873,Js1WwGmc,1,2020-12-27
1209,daoquy15510,eBUoJ3J25MQ8,0,2020-12-27
1210,hoanghoan93283,d9VtF6ysr7B0k,2,2020-12-27
1211,hovinh34336,ytYAYILYYvha,1,2020-12-27
1212,daodung55677,Pj1h6rzK,1,2020-12-27
1213,tranphan13599,twNw98wD,3,2020-12-27
1214,lyhao97218,1U1iaj7p6ns,1,2020-12-27
1215,doandieu20402,TVUyuTnDCXQu0,1,2020-12-27
1216,daoquyen88370,F71omZgoa6,0,2020-12-27
1217,vandieu81656,invsdISB0P9U,2,2020-12-27
1218,phungvinh69706,pT8b4axTegum,0,2020-12-27
1219,maiquyen18001,lwlQJhVguzhHLXZ,0,2020-12-27
1220,lyviet82779,L7ocIExgiqC,1,2020-12-27
1221,phanquang23546,I6Urhhl5X3RrUm,0,2020-12-27
1222,phangiang82848,QldDxIf0HUNv4c,1,2020-12-27
1223,tranhoa95578,J6qRhF8Fdd,3,2020-12-27
1224,namquy83930,FlfEpnMt8bt,1,2020-12-27
1225,duydao41623,sWkYBkxL7i3a,1,2020-12-27
1226,doanthang18829,65mgZeZr,2,2020-12-27
1227,nguyennam36932,u1dAYpEzt6e,3,2020-12-27
1228,nguyenhuyen63808,KcxnpY8z5,0,2020-12-27
1229,maithach55955,4T2dxMFX8mvV,1,2020-12-27
1230,lephuc62588,j446IhQ7cD,2,2020-12-27
1231,hoquang76886,O95s6ZKmRDkrP,3,2020-12-27
1232,vanlien84973,DYe0SpJn,1,2020-12-27
1233,nguyenquang65696,wrAURENG1hx,2,2020-12-27
1234,lylam40004,D81C7HFu9N6nxpg,1,2020-12-27
1235,cudieu71570,RPWRkOHQ3j,0,2020-12-27
1236,hoangquyet34990,nt5pE4CxVRmK,3,2020-12-27
1237,nguyenthach75407,SzZfWg3b,3,2020-12-27
1238,maivinh37042,UR7UKjGZ,0,2020-12-27
1239,hotruong93238,Dj6W7LIqS,0,2020-12-27
1240,vanphong9230,hUQXruLiqS2v9,2,2020-12-27
1241,lyhoa60476,0zrswZYS,3,2020-12-27
1242,phanduc64503,hT1vUtmOTsKO0aw,0,2020-12-27
1243,phanquang97628,ImcCu00nmFpYL,2,2020-12-27
1244,phamthang13146,mGhekZLpBJ,1,2020-12-27
1245,trandieu65970,6Dj3gSse,2,2020-12-27
1246,phamhao28004,O0JsPy72GTMCSZI,0,2020-12-27
1247,xamai28648,vVOBQA0rXz,0,2020-12-27
1248,dacphuc18097,xUGMncSft3,0,2020-12-27
1249,culam45712,nPWUGAHN,0,2020-12-27
1250,maihai45569,O6g7zdTv5b,1,2020-12-27
1251,tranphong78627,jxxRBuOdNxeKTZk,3,2020-12-27
1252,daclinh25485,FHwsZgLQpA,3,2020-12-27
1253,daophuc72376,Zow89de59IeM6W,2,2020-12-27
1254,lemai49539,89ufSdSGuiL9H,0,2020-12-27
1255,dohuyen97463,3augy0l1Tr4Q,3,2020-12-27
1256,doandung70148,p46LbVfq,1,2020-12-27
1257,phamthach31870,earLRnMjwDF,1,2020-12-27
1258,daohoa90007,n0TkhiwMHZIAUd,2,2020-12-27
1259,dangtruong85412,9FqcRKeUdWxPjU,1,2020-12-27
1260,lyviet40926,BVTqevaj7IK9,0,2020-12-27
1261,hoquy45688,ycbJTTzWSvwcLgR,0,2020-12-27
1262,vanquynh65882,BqJxBVExOyf,2,2020-12-27
1263,vanquang69360,GLEwSG8ab,1,2020-12-27
1264,tranmai73376,yeE6kojnp,2,2020-12-27
1265,daohoa94896,J8PCqXffy91R8L,1,2020-12-27
1266,daohoan66523,s0Ldkhfrni,3,2020-12-27
1267,dacmai91379,uwwfd8YVD,2,2020-12-27
1268,dohoa12935,ZYuP6NdfNDl1MFd,2,2020-12-27
1269,nguyentruong81731,0IFPNyZMehWS,1,2020-12-27
1270,namgiang4120,XqBYYtZqlr,2,2020-12-27
1271,maidao22253,qUeMA4Nhdec9,0,2020-12-27
1272,tranluyen55363,M0rQ5HXJk18JO9,0,2020-12-27
1273,maituan80225,eNItVHNN8A,3,2020-12-27
1274,vanhao56636,1tUWILxvzr,0,2020-12-27
1275,maidao15679,7dCT1ydkXne7v0p,3,2020-12-27
1276,dacdung46922,rNhJBSfyMbwB27N,1,2020-12-27
1277,lethach17508,HWJ5P081Uook,2,2020-12-27
1278,dangthang98685,yPbwB5evK6,0,2020-12-27
1279,duyphuc72142,2u7r69yPh9kM,3,2020-12-27
1280,duyhoan42314,ugDhtM1gsTYTS,1,2020-12-27
1281,lephuong95402,LIfdPIo3PK8Lf2,3,2020-12-27
1282,hoangquyen56788,DY3wxg44HViQv9,2,2020-12-27
1283,hoangthach41095,aFhF3ZduftXEg,1,2020-12-27
1284,phungvinh90495,IAFbC5v5,2,2020-12-27
1285,hoangminh1287,rylVo6viohaH9,0,2020-12-27
1286,xaquynh38899,1ahurjMWvcZ5,2,2020-12-27
1287,nguyenhoan75330,QyuWq6mB876r,2,2020-12-27
1288,namtuan38813,WjaROI7Ak,2,2020-12-27
1289,vanlinh35843,23cBYzJvlHLs,3,2020-12-27
1290,phanquy90833,DNZh4h3zZIs,0,2020-12-27
1291,dodao30051,MUYni26OMQJBVw,1,2020-12-27
1292,phamquyet66204,iLDZ3TUq,2,2020-12-27
1293,tranminh90666,oIoAdRzBSPIJ,3,2020-12-27
1294,duytruong22526,62fvwa0vZd8K,1,2020-12-27
1295,daophuong39259,1RJB1B6G,2,2020-12-27
1296,hoanghoa22407,eSAQ1gnYK,2,2020-12-27
1297,phamlam92961,mlHnZuDgwe,2,2020-12-27
1298,dacthu68943,v0WAghiA1AyG,1,2020-12-27
1299,cuvinh97405,UsFQuj0n,2,2020-12-27
1300,phunggiang54692,8wRPNwpv,2,2020-12-27
1301,duyviet5343,yR8t1wJF,0,2020-12-27
1302,duyphong54241,GGvQCrBzDbu,0,2020-12-27
1303,doandieu70968,jgJGiJU0,0,2020-12-27
1304,vanthang98921,Qh8JW1Ihc2ay,1,2020-12-27
1305,leluyen68852,CGtFd7Ep4rFgT,0,2020-12-27
1306,xatruong82430,sSao2esuN84OU,1,2020-12-27
1307,trantuan19474,Vs5j35YowoD,3,2020-12-27
1308,hoanghai31886,VaTEh1CbDQ,1,2020-12-27
1309,namtruong89215,tK9tLEXq8m,3,2020-12-27
1310,phanminh88303,accO7unG,0,2020-12-27
1311,dangthu36811,21Es7XCCJKJ,1,2020-12-27
1312,vandieu22623,MdGfCDWEssR,2,2020-12-27
1313,leluyen36292,mFGMeQsI,2,2020-12-27
1314,vanquynh94705,mI4oJa61QMM,1,2020-12-27
1315,hophuong69557,KaFEK6yTFUhfgnG,1,2020-12-27
1316,maithach20646,gBfqsiLntWX0R,0,2020-12-27
1317,dacphuc16791,IR3PW68Fn4G,3,2020-12-27
1318,phanquang53989,iHtTodyu66a,2,2020-12-27
1319,cuhai78299,fZfcXGpUkRqo,2,2020-12-27
1320,dacphuc16181,VSSvRJDGt,2,2020-12-27
1321,dacphan68687,5QuS1EjFvO,3,2020-12-27
1322,vannam38746,grAC6rpVstc5Gns,1,2020-12-27
1323,cuquang56068,xezAy8U3EX,1,2020-12-27
1324,dacvinh27824,PlRYQ7dSJWY6hc,0,2020-12-27
1325,namquynh67843,5S9ahJ5g,2,2020-12-27
1326,namquy89420,MAh0CkfH3a,1,2020-12-27
1327,maidung6075,18KP3guPv0,3,2020-12-27
1328,phamlinh63414,7DF2DWDVM,1,2020-12-27
1329,hoangphan61375,JK3s6rGvx0,3,2020-12-27
1330,phamquyet69271,cGZmaqWGZN82BW,1,2020-12-27
1331,dohao56155,ywNc4KjyaH,0,2020-12-27
1332,daomai11175,hoBq90y8gNeMjd,1,2020-12-27
1333,maiquy97364,ZnnhQBg1w,3,2020-12-27
1334,phanquynh65105,YWSsrenMZVlgkr,1,2020-12-27
1335,vanminh70538,LOF22zIsL5t,3,2020-12-27
1336,hoangquynh83548,UMaMSK3lfc0W7U,3,2020-12-27
1337,lymai50530,6lYdMf5SwZS,1,2020-12-27
1338,hoangphan11201,IWokmUcWB2W9,1,2020-12-27
1339,daoduc29214,rw6L3Qhq4tpip,3,2020-12-27
1340,vanhai50869,Uun7qTmoL,2,2020-12-27
1341,maithach72449,GcEXpg7BTyKrXzC,3,2020-12-27
1342,cuviet98008,B9utu1VjeF,2,2020-12-27
1343,hoquynh37475,qfbRDUGVD,3,2020-12-27
1344,vanluyen55731,6CXvtLVSUazkgwg,3,2020-12-27
1345,namdieu87408,b72lDb9sZ,2,2020-12-27
1346,namgiang49235,WYZeQptMHfzabRj,0,2020-12-27
1347,phungvinh10696,WkGO6XNzqHo,0,2020-12-27
1348,hohai25431,N8mOkFR1,2,2020-12-27
1349,phamphuong75531,4xO5WN77XwYFJZg,2,2020-12-27
1350,phunglong2154,2RO5wapZ4YwA,1,2020-12-27
1351,dangphong5949,3RydJyGtz,0,2020-12-27
1352,dotuan40961,QiXGwMcMNGW,0,2020-12-27
1353,phungquyet75638,c2KM2pdmXSEET,3,2020-12-27
1354,dacdao4015,GPufbgtt,3,2020-12-27
1355,dacquynh93542,TfvucwYNnMUZMc,1,2020-12-27
1356,phamhuyen39683,5CPrRP248SuSKDL,3,2020-12-27
1357,dacvinh48294,uKscFs5fgwJLL,2,2020-12-27
1358,duyhuyen52779,4uQzLWfunSU28,2,2020-12-27
1359,dohoa65731,2zGNsKObozL,3,2020-12-27
1360,dachoan93168,1O5UY9h7HIqeZ5,3,2020-12-27
1361,phungviet27949,19lPjTYrE,3,2020-12-27
1362,dangquyen18446,WFQBApnm4s,1,2020-12-27
1363,namthang62863,DsDSVzmvh1byn,3,2020-12-27
1364,cuhoa56062,lHePNADeyEvsA,2,2020-12-27
1365,trangiang27748,mXExt2wU5uY9r1,2,2020-12-27
1366,namhoa20573,4XkKD5zAs,3,2020-12-27
1367,dacvinh56844,QSuS1PLxW,2,2020-12-27
1368,lephan5254,RYEvQN4NSu,0,2020-12-27
1369,vanphuong58092,1TnIpXNDgOU,1,2020-12-27
1370,cuhai37902,q2hHWpFSPVMzTD,2,2020-12-27
1371,hoanghai48689,M9u5TgyYjr4,0,2020-12-27
1372,namthang66329,OAujWwLK,0,2020-12-27
1373,maiphuong60835,2Pqg8zVtbMY4A,0,2020-12-27
1374,dogiang57319,RI1QFMrPlt,0,2020-12-27
1375,vanhao82567,Zv0HAueVv54,3,2020-12-27
1376,maidao32818,9ZwXS8xgIM0V4,2,2020-12-27
1377,hothu20429,Gid8ILUqSZ,3,2020-12-27
1378,namdung90330,JXnpcEICMSDJM,2,2020-12-27
1379,dacduc23977,nvy6DoxekHEKh,2,2020-12-27
1380,duyquyen50987,QcZBuu13PnK1,3,2020-12-27
1381,hoanglam95742,WQvrI72ClxuGxP,0,2020-12-27
1382,vanhai54113,7o3xtCo3m2lyxYt,3,2020-12-27
1383,namdieu50975,Pks0v4WtKOdB9P,3,2020-12-27
1384,xahuyen30395,3gZ8BszosI,0,2020-12-27
1385,nguyenlam4738,wELSNY6YDEPznb,2,2020-12-27
1386,doanminh30187,h9rAe2qccq3cN7,0,2020-12-27
1387,dangluyen85260,LIS5kWdIppzylBb,3,2020-12-27
1388,dophuong3386,c0EojXz6u,1,2020-12-27
1389,maidung89848,oZdskELkXYDYT,2,2020-12-27
1390,doquyen29178,58uBfjsFgyk7wb,1,2020-12-27
1391,nguyenhai41749,KgvMD1an,0,2020-12-27
1392,hoangphan21217,dznuvVsJSO,0,2020-12-27
1393,phanlong15153,lOgJGvprL,3,2020-12-27
1394,culinh25963,wyWY0sdGvzB1Q3,0,2020-12-27
1395,nguyenquang37491,aZESMNNjoPR0P,0,2020-12-27
1396,namquynh65413,aslGUhDTvLL,2,2020-12-27
1397,cuminh81786,FShek4mlK0Uo,2,2020-12-27
1398,doanhoan6681,mNeBL7Qx2mOoe5T,2,2020-12-27
1399,vanquang88230,StoIcPRtOmoMi,1,2020-12-27
1400,maiphuong83119,NOtiOB903,1,2020-12-27
1401,doluyen51128,Roffd411eI,1,2020-12-27
1402,tranviet41445,i2QooXz58uu5R,0,2020-12-27
1403,phamthang91266,EqqCHsKQ,2,2020-12-27
1404,tranvinh19475,9BHoKU8JgjTS5AN,1,2020-12-27
1405,mailien56938,uEyIDjEbj,0,2020-12-27
1406,holong88571,1g31IQQYO,3,2020-12-27
1407,hotuan24736,QGAgjOokb2RR,3,2020-12-27
1408,phanquang8257,kkK2iampd94E5,2,2020-12-27
1409,duyquyet16373,W7fo9At3P,2,2020-12-27
1410,dacdieu62750,izoyA9KUx6C3,0,2020-12-27
1411,doanhoa12020,oabZKVN0cquASC,3,2020-12-27
1412,lequy68867,KjbSIRfku5,1,2020-12-27
1413,dacduc74068,gvMFAYZ3OvXbjV,1,2020-12-27
1414,maiphuc81524,Ci64zVT8,3,2020-12-27
1415,phamphuc57773,50SxHfJkdcs,1,2020-12-27
1416,namtruong79939,IIcQ1AH1tTvQB,0,2020-12-27
1417,nguyengiang82220,vtATZl6SsgY5,0,2020-12-27
1418,namlien74245,wenWBfO5QnpRq,3,2020-12-27
1419,tranlien67096,mEbbUkI8sE,3,2020-12-27
1420,namlinh19430,XUNzwr70Q,2,2020-12-27
1421,cuquy32439,vnX5vuSyf0Ppwf,2,2020-12-27
1422,namthu4708,l0FGMJ8b7tW5x,0,2020-12-27
1423,vanphuong21089,4kmAfPAZFKKydqu,1,2020-12-27
1424,dophuong61083,MC3gpNGX3M,0,2020-12-27
1425,doanquy57670,qj59OwMcY3mar,0,2020-12-27
1426,dachuyen53910,wicDR1MGH3LONF6,2,2020-12-27
1427,mailuyen65653,MJBK0ZOE9qUTH4n,1,2020-12-27
1428,phamtruong77979,WgYtUs5TgheEA8,1,2020-12-27
1429,namphuc20615,Wm9wQahddigwv,0,2020-12-27
1430,hohai83063,w93UcTJYf,0,2020-12-27
1431,vantruong57839,lDdBexj3,1,2020-12-27
1432,phamgiang54656,cL1w0UIn,2,2020-12-27
1433,vanvinh36225,F8CCbnuEf,0,2020-12-27
1434,vannam36212,StCSpsNAjxXQMu,1,2020-12-27
1435,ledao67791,ELtjmq6G,1,2020-12-27
1436,doquy26658,V3JJJy5v,3,2020-12-27
1437,vanthach99505,xkKAFeYVABiR,2,2020-12-27
1438,phanviet38564,qsVbcMQJL8hC,1,2020-12-27
1439,lythach27039,uf1ddvhB5s4mpip,2,2020-12-27
1440,phunghai37927,TQSOGkmx,1,2020-12-27
1441,trannam5512,wIqTaC8iHhBT,0,2020-12-27
1442,lyluyen81628,YUclAH9uxbgQ,2,2020-12-27
1443,lelien60715,8O3b7nyxLvWx9R,2,2020-12-27
1444,vanmai35532,QoobGkXc,0,2020-12-27
1445,doanhoa91152,x4LAC6r2,3,2020-12-27
1446,maiphong15781,OxDHV77XJRgKZiE,0,2020-12-27
1447,mailam98645,sXZSsbTxL,0,2020-12-27
1448,57563abcdefgh,BQfvoetgLib,2,2020-12-27
1449,doantuan95688,UKvqMJyfQlZk,1,2020-12-27
1450,lythang96643,K8WHydYoRqRT,3,2020-12-27
1451,dangvinh35623,0A72sMdCJdD4Bi,2,2020-12-27
1452,90597abcdefgh,JpmdcrNzRZ9uC,2,2020-12-27
1453,phamhoa85296,CoI32y1qK,2,2020-12-27
1454,dactuan13303,4DrT1FSwuL0,3,2020-12-27
1455,phungquynh28286,VyVaXcCDylM3Em9,1,2020-12-27
1456,dangquyen31972,4UCAG5TSsbwM,3,2020-12-27
1457,maidieu71823,Se7U0hgbzAsyTp9,0,2020-12-27
1458,lyquy53824,YdvE6Azv62aFg,3,2020-12-27
1459,maitruong46583,uKivcs0GF2,0,2020-12-27
1460,namdao52791,e4YmRCdrmg4,0,2020-12-27
1461,namhoa81322,krzkmyROrq,2,2020-12-27
1462,tranquyen61839,mBLMnsYY,0,2020-12-27
1463,dangtuan60515,KmiEBEA0RH,2,2020-12-27
1464,nguyenthach57932,8sfoqh60t79We9W,1,2020-12-27
1465,dangminh79878,N4CojqpC8Z,3,2020-12-27
1466,hoviet48866,bShEhNUM,3,2020-12-27
1467,cuquyen44083,iLqJYFCewPx,1,2020-12-27
1468,duydao46575,HwUTQnwD,0,2020-12-27
1469,vanmai47500,EnSkw54udC8P,3,2020-12-27
1470,xagiang85360,nvv3RYEQKrzB,3,2020-12-27
1471,danglong72502,bcTxXRSk5eRWJg1,1,2020-12-27
1472,hogiang43288,T0miI3bBwDzBL,0,2020-12-27
1473,hoangthu91098,GSoUN7GprrPJW,1,2020-12-27
1474,xahuyen9863,vdDmwbu9,2,2020-12-27
1475,lyphuong33736,3nVCTbsscDXy,1,2020-12-27
1476,hoangduc78648,ZfzdWGKkQ0,1,2020-12-27
1477,xadao19657,HJZbZWt1hA,2,2020-12-27
1478,vanthach77639,pIwfqyR2zUO,2,2020-12-27
1479,daclien97405,GvlucGWJNTb,0,2020-12-27
1480,maidao99697,Guf0FOKtpwkjHnk,2,2020-12-27
1481,dacthu75391,6vpCWl6Z,3,2020-12-27
1482,phamquyen72414,lmfZGZoIPr,2,2020-12-27
1483,vanphuc6833,7X2ZzYzcAkQqf4,3,2020-12-27
1484,doanmai65524,FDtcMqqjvj,3,2020-12-27
1485,hohoan59778,PSFfHds7Z,0,2020-12-27
1486,maigiang95281,7hY8eOwT7kDdgO,0,2020-12-27
1487,dacphuc21684,9nwVxRiBj3zP,3,2020-12-27
1488,maiquyet74787,7EshXcDmeii,0,2020-12-27
1489,dohoa43779,LntawWZSR,0,2020-12-27
1490,cuminh12519,CJ2HlGQdL1,0,2020-12-27
1491,daolam13547,5kIq8UHy99xMi,3,2020-12-27
1492,hoanghao30461,PgmJWosrjQLNr,1,2020-12-27
1493,51949abcdefgh,bQ2TiWchChZkQpn,0,2020-12-27
1494,namtruong5248,ZjkSaza465YklhN,0,2020-12-27
1495,maiphuong30339,xaUFEONZJMzx,2,2020-12-27
1496,dangvinh76615,rYLDMt6ollSMXsp,2,2020-12-27
1497,daohai87221,YMI866eH,3,2020-12-27
1498,phanquynh41955,mCFIhOMg,2,2020-12-27
1499,maidao85889,tzOnXKSq6j,1,2020-12-27
1500,cudieu97567,P4NqsyTXXXoYZFN,2,2020-12-27
1501,hoangthang9578,NWRgS1Cn1dNJi,1,2020-12-27
1502,nguyenduc90047,Fnq0X4pIVVk,1,2020-12-27
1503,daoluyen76317,ZboRcmG3DRg,1,2020-12-27
1504,hoangquy69838,xQY9B5jDm5,0,2020-12-27
1505,hoanghoa16841,rNPvJbTa,0,2020-12-27
1506,maihoa50533,QR5ODKHE61,3,2020-12-27
1507,dodung76062,vWZsnVT2p,3,2020-12-27
1508,maihai84702,fzJo3mEfU8Rwu,0,2020-12-27
1509,hophong65894,CSigCJgYLf,1,2020-12-27
1510,phandung73369,44nLflcyAdlwE,3,2020-12-27
1511,dolien68571,N5Ynm67kZW,3,2020-12-27
1512,phunglong33987,g1LVyOAuUK5z,1,2020-12-27
1513,leluyen76560,ESAloEQeLt,0,2020-12-27
1514,phanquyen69896,K2KcLbf7TG2FcOV,0,2020-12-27
1515,vanlien69638,4Om7Gclmiu,3,2020-12-27
1516,mailam58873,AcX6PlqjLWL8AwL,2,2020-12-27
1517,maiphong66945,RE6uEjFnIOg,2,2020-12-27
1518,vanlinh12690,k5hZs2e5s,3,2020-12-27
1519,mailong49262,yjqvQGJp6,3,2020-12-27
1520,phanphuc32624,AG3Xsr53cVzedn,1,2020-12-27
1521,tranlam69758,YYexXkYyqg,3,2020-12-27
1522,xaphan41628,h1jlgI70FXC,1,2020-12-27
1523,lehoan67774,vopw9y7qR,2,2020-12-27
1524,cuthu96799,XSAxVyu6l8xBf2,2,2020-12-27
1525,duyquy52290,gfLHg0bv3n,1,2020-12-27
1526,doquyen88193,7d67oPN2wIL4,3,2020-12-27
1527,dohuyen45309,kyTIjcC4EewL,1,2020-12-27
1528,dacdieu67178,vFSoa0c0m27v,3,2020-12-27
1529,phunglong48770,rBE7Uoq4YavJ4F,0,2020-12-27
1530,nguyenlam94484,DBJydibMvyCA,1,2020-12-27
1531,dacphuc75932,4AHrMSeMmx0qo7U,1,2020-12-27
1532,phanlien56604,N5F3hzYSwxZ9zJx,2,2020-12-27
1533,doantuan27747,3AA06FPHb,3,2020-12-27
1534,maiphan76189,qUPl0Ag3uKK,0,2020-12-27
1535,phunglinh54077,kKZpe5RAHTX,3,2020-12-27
1536,phungviet63195,awXmEKd1LgtbG,1,2020-12-27
1537,daoviet57701,EGWDsR3Wz2NsqL,3,2020-12-27
1538,hophuong98955,mge5spfB,2,2020-12-27
1539,45769abcdefgh,zvMihNQi5t5i,0,2020-12-27
1540,nguyendao33466,jv1qkWAGc,1,2020-12-27
1541,nguyenduc63223,FXjF1X3ZjfZO,2,2020-12-27
1542,tranmai27357,ow5C9S8Uxhd,2,2020-12-27
1543,dacnam61232,a6l0mqqu,3,2020-12-27
1544,namluyen65245,iIE7HVEVZiOnxia,0,2020-12-27
1545,duygiang52603,XYMh6iIFTMEhg,0,2020-12-27
1546,vantuan61815,rtdrm2wGZN,1,2020-12-27
1547,daodung58661,mW9G8XxcGFj,0,2020-12-27
1548,maiphan81765,sfzp7OEpsbGgE,1,2020-12-27
1549,vanlam38575,uDRkvxpjO2i,3,2020-12-27
1550,daclam73337,8Pp9UWMoZ,2,2020-12-27
1551,dophan27454,HtcNjMoXzCIpZ,1,2020-12-27
1552,tranlong63527,M6I9ooveXujQcF,2,2020-12-27
1553,dothu28398,HYsmATEDfn,3,2020-12-27
1554,dachoa24757,FibEnyO7PD2,1,2020-12-27
1555,namdieu96966,VjgVuigYjF,1,2020-12-27
1556,xathach56481,XbbVPLZbEvAIkq,0,2020-12-27
1557,dacduc40053,SSigiMuyP,2,2020-12-27
1558,nguyenquyet69380,g7F7I2GFBgahpOJ,3,2020-12-27
1559,hophan54528,97aa5vDzmH5e,0,2020-12-27
1560,phanhuyen69059,37hYdFkNc,3,2020-12-27
1561,hoangtuan48349,ZCMOK4RPTBXKYNc,1,2020-12-27
1562,dacquy44547,NRtn26pmNPGj8p,2,2020-12-27
1563,hoangthach89494,e9ZVWAwS,2,2020-12-27
1564,duyviet62526,vJeJJI4mGkLO,3,2020-12-27
1565,phandung15722,E1hBUdcvbEf,2,2020-12-27
1566,phamtruong70138,kXHpjLMjFhGU,3,2020-12-27
1567,hoviet35732,8KIGeqkmrsDjyG,2,2020-12-27
1568,lethu2830,jPgtRHtWWqMIT,3,2020-12-27
1569,ledung78614,OgcS3FIprVqR,0,2020-12-27
1570,tranhoa63870,1wOVvVTSb5ctqS,1,2020-12-27
1571,phungquyen12983,ei1tViiyWwkUzl4,2,2020-12-27
1572,cunam6615,dOjXytuJ,0,2020-12-27
1573,doandieu95772,xbxQOfafuOen1c9,0,2020-12-27
1574,dangdao26185,KmWFx3aiuIcavv,1,2020-12-27
1575,duyhoa34663,yghu5K4X,0,2020-12-27
1576,dacquy9551,FFsQL2cefL0Veor,3,2020-12-27
1577,xahai71721,HB413bJlGc8mKvJ,1,2020-12-27
1578,xahoan5666,zVvBh83owYai5j,0,2020-12-27
1579,cuquy72334,YQiQ4x98,3,2020-12-27
1580,nguyenquynh1426,jNXd1ewWXaa5A,0,2020-12-27
1581,maidao49370,Z1ahj3DApvO,0,2020-12-27
1582,phanphong68254,lVkAFSpTb,2,2020-12-27
1583,vanhai45180,IKn4Qtvsia,1,2020-12-27
1584,vandieu52563,oYMPSGEGqQLsz,0,2020-12-27
1585,vanquy40990,Bj4ngMJ37f3JHS,1,2020-12-27
1586,xahoa33473,mylaJQExf,2,2020-12-27
1705,lyminh53071,IqzouqDoC,0,2020-12-27
1587,nguyenquyen18698,GXe3OxcNkH9sqS,1,2020-12-27
1588,dangmai25614,I3DMpLVoiGlA,2,2020-12-27
1589,nguyenmai24599,Pdx6JEc9,3,2020-12-27
1590,cunam76189,xE9Q5YcUCKX8,3,2020-12-27
1591,phamdieu19622,bADdHYqBLplFW,3,2020-12-27
1592,vanquyen6517,qUuyP4dgQGj2,0,2020-12-27
1593,namdung84774,SrK5N8oWykds,2,2020-12-27
1594,daovinh92812,U7Xw64FM8nXeC9,3,2020-12-27
1595,cuphong79986,dWbcx8Bz,2,2020-12-27
1596,lymai49844,1pMwHXix6DCJ,0,2020-12-27
1597,hotuan33036,a53yYPrIYWhe,1,2020-12-27
1598,hoangphong17684,WWiBQlr1tGfv3,3,2020-12-27
1599,phunghuyen44580,EgBoRwMCp4WX6CM,2,2020-12-27
1600,doanhai83282,QnnEIMVW5Teq,0,2020-12-27
1601,phanminh54609,ri4HWFFFkbin,0,2020-12-27
1602,maihuyen36201,IgEEKwTEDK,1,2020-12-27
1603,phamhai67030,0vm6NZjcAXdDn,3,2020-12-27
1604,daoquynh47988,ZLIscKcfQtiv,1,2020-12-27
1605,maihao40478,MQ2nHNBEGy,2,2020-12-27
1606,doanmai31994,dO8C4vWtqrEUl,3,2020-12-27
1607,vandieu35694,ENacS9ZZxOq6,2,2020-12-27
1608,hotuan38773,QdowOg3gMNmG,1,2020-12-27
1609,maihai91392,2QrVsxtlj,2,2020-12-27
1610,hoangdung56457,rn2QgaBZJY,1,2020-12-27
1611,doanthang55907,jmKcHeipRZu5K55,0,2020-12-27
1612,tranlien89676,H4XoEbiU0Ht0kIy,0,2020-12-27
1613,hoangquy49325,6dUrfkbkdr9Ss,2,2020-12-27
1614,doanquyet98246,nMzYcpMjM,2,2020-12-27
1615,phungdao67203,hl61fODHtx3wuh,1,2020-12-27
1616,nguyenhuyen74753,VAF6stjczJ8laz,0,2020-12-27
1617,dachai68797,bvP0HbonUUrXN44,0,2020-12-27
1618,dacphuc9526,xOSOvP1VBra,3,2020-12-27
1619,cunam70286,xa9W0lZYjukhvub,0,2020-12-27
1620,leduc61148,yaKzMbOWE7XRKR,0,2020-12-27
1621,duyquang45081,55rRDNl5uHK8vY,3,2020-12-27
1622,lehuyen88504,UC7b0f4x53,0,2020-12-27
1623,dacmai96606,wZwknRrqpp,0,2020-12-27
1624,lehai18550,JXvSOzZ7pWXPZ99,3,2020-12-27
1625,vanhao40957,NP6K39sbl,0,2020-12-27
1626,cuquyen45320,cC3jk0zXduo6kD,3,2020-12-27
1627,hoanghai27257,nMzcMBH9SqBGo,2,2020-12-27
1628,cuminh88243,aGDfGr2j2vWXH5K,1,2020-12-27
1629,mailinh75650,J1NWz4jMJvczMo,1,2020-12-27
1630,xaluyen64962,wVZMAXaJ36xTmUa,1,2020-12-27
1631,dophuc18703,MMj5KVIIFG2bOZv,0,2020-12-27
1632,hoanglong62499,nfqzguln5V2,2,2020-12-27
1633,xahoa9020,eh5ujc4vT,1,2020-12-27
1634,daoduc80985,TeLFPTQ44AR,0,2020-12-27
1635,vanthach8691,mGukotD76JL1n,2,2020-12-27
1636,namquy94754,0mbDAkaMKC,3,2020-12-27
1637,duylien35207,0U7Tp3c9i,0,2020-12-27
1638,maithach81780,EBoQbJQ6Ja4h9JQ,2,2020-12-27
1639,cuquy80802,3wfQ0K5ET,2,2020-12-27
1640,hoangquyet77591,X3PMSLkYwtr,0,2020-12-27
1641,maiquynh59406,tIdz4yqjCQ,0,2020-12-27
1642,phunglinh37147,dTzdFYmvGGY,0,2020-12-27
1643,cudieu93082,fz7PX3mDL,2,2020-12-27
1644,phunglien48412,DlfWM3UhVrR,0,2020-12-27
1645,dachai37769,VoJtjQoYA,0,2020-12-27
1646,cuhoa67027,ObNoxGZPMLce,2,2020-12-27
1647,duyluyen20510,U1UmsW0AcNze,2,2020-12-27
1648,xalien47551,aUML1DMOXv,3,2020-12-27
1649,duyquyet42687,yOmsfc2Y1Ty,1,2020-12-27
1650,cuphan89023,etaV5i4ufX6tVm,0,2020-12-27
1651,phunghai64398,8UpxK8e39a,3,2020-12-27
1652,hodung28879,Tz8ccjD942PnRq,0,2020-12-27
1653,nguyenlam17013,tmKEF3Iqz,3,2020-12-27
1654,hoangthach56653,9oC7Jlox1f6,0,2020-12-27
1655,xahai99186,CroylYPc,0,2020-12-27
1656,namgiang68301,K9j7WO9gjhAD,0,2020-12-27
1657,vanhoa87731,xIfDohJGeRuv,0,2020-12-27
1658,cuhuyen59983,EffpfnTBpni,0,2020-12-27
1659,xaluyen21486,ULZ1Hqg265x,1,2020-12-27
1660,maiphuong41635,Ns1jpiT3,1,2020-12-27
1661,phamdieu22944,HpMCjJKXx,1,2020-12-27
1662,dangdieu7990,BCgwH5KGFXdO6b,3,2020-12-27
1663,hoangphan93068,QblA9U9zC,2,2020-12-27
1664,phamtuan87481,RNvxoe89qy,2,2020-12-27
1665,xahao23491,gOAaQR4EQQ,0,2020-12-27
1666,phungduc19026,KYjLaAmt,0,2020-12-27
1667,dohai21056,llzLaYQm1REY35,3,2020-12-27
1668,dacvinh81390,IbxDaiHDKHtjO,2,2020-12-27
1669,vandieu89454,LINhpsj29KQBp,1,2020-12-27
1670,lyhuyen70199,e2cxUuW8ae51MrE,0,2020-12-27
1671,hoangthu52215,CHzFTHeUn5ze73z,3,2020-12-27
1672,cuviet94227,3iv4pkAuF,2,2020-12-27
1673,lylong10809,lTNi1zHVOiwevN,2,2020-12-27
1674,dachai53390,ayeecv0oyMGsDM,1,2020-12-27
1675,dangphong72384,Hh2HSQOZ,0,2020-12-27
1676,maihai17029,XuzFalTBjolaVL,0,2020-12-27
1677,vandao39603,Lz6KAUKdXlqg,3,2020-12-27
1678,hoangtruong19396,M9UoxZfKMOgJZ,2,2020-12-27
1679,duyphuong42874,cvwzQEXtG2BqZ,3,2020-12-27
1680,dodieu86341,qAvpcmvuax0SG,1,2020-12-27
1681,82722abcdefgh,5YXyJ17D,3,2020-12-27
1682,cuquyet6728,fSLOrHan9Jl7,1,2020-12-27
1683,doanhoan82427,nOypi7Rti5FT04,3,2020-12-27
1684,duyhuyen81859,lf8xHCbP2,3,2020-12-27
1685,xaquang9128,yJlMtNJt9L,1,2020-12-27
1686,xaphuc44364,HMzgwmKRaM7lZN,3,2020-12-27
1687,lequang49442,Lx9xqZZO1My83,2,2020-12-27
1688,namgiang64673,KFHRyiXc30w,2,2020-12-27
1689,phanquyet91923,dhXzQkut7J,1,2020-12-27
1690,maiphong12104,kcF1emBwpSYbRi2,3,2020-12-27
1691,nguyendieu78835,4FIAe20xTo,3,2020-12-27
1692,maiviet98872,8lx41FZGD2nis,2,2020-12-27
1693,phamhoan28485,vM0ZyZGISmV5ci,2,2020-12-27
1694,dacduc68219,jPTjLGZAVQh,3,2020-12-27
1695,lylam7728,aqyTFVB17nZ2,0,2020-12-27
1696,xaphan86980,5lqOzgISLC5B7w,2,2020-12-27
1697,doanhoa39993,8Q61n2pgwPlYADI,2,2020-12-27
1698,cuthu29245,RCJLgATS1U7v,1,2020-12-27
1699,maiphuc1726,8aL966bqet15,0,2020-12-27
1700,phanquyen59487,ZxicHcJK3b,0,2020-12-27
1701,dactruong57373,KnfERSmAGbzVdCu,0,2020-12-27
1702,phungthang67173,C8CURkRiSHp1CL,2,2020-12-27
1703,maiquang76087,SyhGfkg6wbM,1,2020-12-27
1704,dohao92455,kL2rXMxtKLLu,1,2020-12-27
1706,phanhai66866,YObxDU7MMYagD,3,2020-12-27
1707,lyquynh23871,ngmthp3GT,0,2020-12-27
1708,doanvinh30791,3xV3goQ2,2,2020-12-27
1709,phanthu52692,oQjRsBFPN,0,2020-12-27
1710,phamdieu35511,G76WV3QouuCkpw,3,2020-12-27
1711,dangvinh31963,8Q4HwsYIW,1,2020-12-27
1712,phanduc71784,Q1yGVrpkb,3,2020-12-27
1713,vanlam59972,3JYP3gQtZSX5,0,2020-12-27
1714,xahao39294,3rNjnLlwPP1V,0,2020-12-27
1715,duydieu5675,HZVI4dkm2kf6S0,2,2020-12-27
1716,vanthu74556,Md0BCQNxN,3,2020-12-27
1717,cuthang11760,TifMZsEg1bAKwy,0,2020-12-27
1718,dacphuc75790,5GTeO6hl5wKw6QF,2,2020-12-27
1719,namhai24919,kdzk49NP5,1,2020-12-27
1720,hothang40882,nLcdahD02P,2,2020-12-27
1721,phunghai82100,mrPdJbLdjRcdfu,1,2020-12-27
1722,phungvinh30883,5HcladR6tj,2,2020-12-27
1723,lyphuong6730,6WHZxLUI,0,2020-12-27
1724,danggiang41942,ZqsnJYiELmX,2,2020-12-27
1725,dangphuong34591,ZQwm9Dni3,3,2020-12-27
1726,maiduc79420,P9MXiw8Tp86,3,2020-12-27
1727,duythach14075,pSyTz1OP5PyX5m,2,2020-12-27
1728,phanviet36782,QdWiVSgVqK,1,2020-12-27
1729,nguyenminh3900,HC01rqxO,1,2020-12-27
1730,duyhai28556,ETcD34p6Sw2SEL,1,2020-12-27
1731,nguyenminh82892,hk3YBX6930raC,3,2020-12-27
1732,tranhai19653,zf68hfWdQ,2,2020-12-27
1733,lehuyen6484,QhgB72T62,2,2020-12-27
1734,mainam25741,283lzjPuQ,2,2020-12-27
1735,nguyenphan67490,kPuANZsv,1,2020-12-27
1736,tranminh16243,iUqXgWsstF,3,2020-12-27
1737,doannam22596,cycXDJ62,3,2020-12-27
1738,xamai51057,EWntLs0romCYQ5B,3,2020-12-27
1739,hoanghoa43316,b5m18Mcblo8,0,2020-12-27
1740,cuvinh92769,l0Nrh9TVrjsn,3,2020-12-27
1741,doanduc10901,NI8Fb02mX,2,2020-12-27
1742,namhoan24096,kFJU1NXStswW,0,2020-12-27
1743,vangiang29819,yABSBP1ic2lQ,3,2020-12-27
1744,phungduc26438,UEo2sPJmP4Tjgs,1,2020-12-27
1745,lyquyet57764,LwhTyEN2DyjG,1,2020-12-27
1746,phungviet22855,bCXZRmS9ER,3,2020-12-27
1747,cudieu12278,MG9hTKYSI1We4I,2,2020-12-27
1748,tranphuc41242,El3TLsRHljlKQ,3,2020-12-27
1749,lygiang85477,OEoj5mbsT,1,2020-12-27
1750,lydieu93620,oa9CgTbj43,0,2020-12-27
1751,tranvinh71847,h1WYtACl2,3,2020-12-27
1752,hoanghao91932,FrkSwmCmu7R,1,2020-12-27
1753,dangvinh11414,mV9XgrFAbhh6,0,2020-12-27
1754,duydieu9641,IKMGRpIjfKlxi,1,2020-12-27
1755,hoanghai88033,NvxBjAaFb,2,2020-12-27
1756,lyphan31000,YnkFxXPcG6kLwx,2,2020-12-27
1757,vanduc88018,LxHzwRMbV,0,2020-12-27
1758,doduc73022,9a85zYFdY,0,2020-12-27
1759,dacminh30078,LzvwMAbiEzn7A,3,2020-12-27
1760,phamdung93384,T5UDCgpea,3,2020-12-27
1761,dacthang66167,5ifA4lJtwxJ,3,2020-12-27
1762,phungthach62428,51eVZgJCMKGbr6,2,2020-12-27
1763,doangiang81716,cEt4fkJOS3o,3,2020-12-27
1764,doanduc86327,iZtlJYym3sgr,1,2020-12-27
1765,phungquy69354,z1MWdl0OYz4os,0,2020-12-27
1766,hotruong35466,MHofqRrNH,0,2020-12-27
1767,vanluyen34007,pOp5tmnE,0,2020-12-27
1768,phanphuc85871,4bAH13wRfCvhO,2,2020-12-27
1769,namhao81888,m0fEpCh7o0PdgK,0,2020-12-27
1770,dangminh24382,AtLfH86kh6TfDdw,1,2020-12-27
1771,hoanghao14247,rFSg4riq8McS0Ol,1,2020-12-27
1772,duylam68448,xm8NV9fvBSAWyjY,2,2020-12-27
1773,daoquyen81671,G5EXeqMW2nGLJM,3,2020-12-27
1774,maidung55083,sm2P44gvs,0,2020-12-27
1775,vandieu20169,ugiE27DFE3k4SmX,1,2020-12-27
1776,daoquyen86886,fR0JyWb1mn,3,2020-12-27
1777,xahoan66198,nmlQm7YKKgy,1,2020-12-27
1778,duyhao70979,sFNJaZ3Il0Q8HAq,1,2020-12-27
1779,duydao17977,ey5wOrU6eCereex,2,2020-12-27
1780,namphuong58348,Jqtwslekgnt,3,2020-12-27
1781,lygiang3999,uMEd1BW5t,2,2020-12-27
1782,vanphuc11769,3VxatTd3bTD43of,2,2020-12-27
1783,lequyen3319,WnYjrZBp7djLe,1,2020-12-27
1784,vanviet72886,D2zCe6gT,1,2020-12-27
1785,namminh19168,ltoh3pKVFF,1,2020-12-27
1786,tranduc77819,PL5N19yF,1,2020-12-27
1787,xadao81648,VQNbwcTGcL,1,2020-12-27
1788,doantruong25955,1oqr7tI8X10V,1,2020-12-27
1789,hoangdieu58516,4hlEiCLqkeRbz,1,2020-12-27
1790,lehoa84547,0gNqN98eZ0dR,0,2020-12-27
1791,tranquy5135,P0DTNOR6alQ,1,2020-12-27
1792,doandung42841,Xd06w1F92CrH,0,2020-12-27
1793,hoangphong83574,WPB1yMu9,3,2020-12-27
1794,phamdieu19805,MQgmMawzKavGi,3,2020-12-27
1795,culong78582,g0ZK2nY19gi,3,2020-12-27
1796,dachai46581,0XZARSX9hl,0,2020-12-27
1797,xaquyen47667,JlCOoX2FlHsc,1,2020-12-27
1798,hoangquang37232,7UecudX3R,0,2020-12-27
1799,phamthu47549,8kfEcpay5RoNS,0,2020-12-27
1800,doanvinh12639,undnAcfvVw,2,2020-12-27
1801,cuquang90330,VR866K7qR5tnG5,1,2020-12-27
1802,culong79214,ov5mNiQMECl5,1,2020-12-27
1803,hoangviet46847,WDXVLIHe8bMtD,0,2020-12-27
1804,vanthu50242,uzUItX6D19,2,2020-12-27
1805,donam43736,ZrNssLoVQ1gf,2,2020-12-27
1806,dolien22538,Us5ID2he2Icv,0,2020-12-27
1807,phungdieu47598,35w28wsYWrurHs2,1,2020-12-27
1808,lyquy84861,55Qy2EV8Uw,0,2020-12-27
1809,phanhao34026,iiQdeBYY20oN,0,2020-12-27
1810,doanhoan99302,YC9o1FsoPK8GL8,0,2020-12-27
1811,dacluyen6469,a4EdPB2JKRSlIRC,3,2020-12-27
1812,dachoa16812,ZJ4NhEFTF,3,2020-12-27
1813,lehoa76544,Yh3AUx4FttHFs,1,2020-12-27
1814,tranphong60124,JbeifhUuA1wMBXw,0,2020-12-27
1815,danghao52019,XywRoUk080nr,3,2020-12-27
1816,duyhao49162,9fwP2UKnaOvM,0,2020-12-27
1817,vandieu89820,Qd3wHUqTR,0,2020-12-27
1818,dolinh70298,zxEfAThz,0,2020-12-27
1819,daohai48384,BulywHW7zb,3,2020-12-27
1820,hoquang60527,SxwG6LVIR,0,2020-12-27
1821,dacluyen30304,Ou0POBcBrJ,3,2020-12-27
1822,cudieu82492,7481w9iJWrFL,2,2020-12-27
1823,phungmai56838,yCxczSPM,3,2020-12-27
1824,hoangthach63981,mb5FfuoMK7k2C,3,2020-12-27
1825,tranthang59050,l0MFOO7B,2,2020-12-27
1826,xavinh53453,1t6h4lTrwWufpd,0,2020-12-27
1827,maiquyen89484,RHypdkxf,2,2020-12-27
1828,doquyen29621,TlXuBi5qNSAPzx,0,2020-12-27
1829,vanvinh89723,b5gKy1pa58FNX,1,2020-12-27
1830,leviet98205,ztGOlo8Q,0,2020-12-27
1831,lydieu25163,0JlfLiyoi5,1,2020-12-27
1832,maiquang84275,9meUL2rZ7KN3,1,2020-12-27
1833,doanduc33538,w6Z1SMz7IuSetE,1,2020-12-27
1834,phamlam37286,5P38KwkGw,3,2020-12-27
1835,vandung87195,ijb8RMhRAR1,2,2020-12-27
1836,doanmai6761,pbMp2OjjJ,3,2020-12-27
1837,xanam57189,1LYmO8DsTa5g,1,2020-12-27
1838,dachoa24952,Ceu6NGPoFxa1,1,2020-12-27
1839,mailinh22014,h9Jaz1R8k,1,2020-12-27
1840,vanduc36992,0tkbAghPh4,1,2020-12-27
1841,phamquyen71182,nTjT2A3DSh71,0,2020-12-27
1842,doquyen95862,CeMUiv0TK,1,2020-12-27
1843,doanduc95957,EVyWdxUKDCUq,0,2020-12-27
1844,phungquang4288,5OmQRbqCYX,2,2020-12-27
1845,hoanglien41236,zx6JipgMOyAUHW,0,2020-12-27
1846,mainam73023,4nNsiQiE9zc1YL,3,2020-12-27
1847,phamviet28362,PwEa8LI2KJ88re,2,2020-12-27
1848,maiphong84927,F5T8CdmJ,2,2020-12-27
1849,duyquynh52393,tYAnWHAq9tjC8aB,3,2020-12-27
1850,namduc51838,Oc1OA86s4AYQlT5,0,2020-12-27
1851,hohai12501,bEx7YQGVDxHS93,0,2020-12-27
1852,phamphan80432,dxK78pTGJkdD,3,2020-12-27
1853,hoangdieu82049,NVEd6ff8orrx7Ij,3,2020-12-27
1854,dacquyen76948,CVN8DvP38p,1,2020-12-27
1855,vandieu56216,L11TX1XOLzZIlhr,0,2020-12-27
1856,maidung61489,VXL9xwjjG6Ak,0,2020-12-27
1857,nguyenlong54752,0yqWJYUStV,2,2020-12-27
1858,dacduc89627,SquMTDSHnF,1,2020-12-27
1859,dacnam32658,UEN3qvg8U,1,2020-12-27
1860,cudung22325,emmm8olyjvgT,3,2020-12-27
1861,vanmai84503,QJCkr3weUFY5KB,0,2020-12-27
1862,nguyendieu21025,i9BQfAPXdXq,2,2020-12-27
1863,namhai44170,uRsLsEBf,3,2020-12-27
1864,dacdao58281,EgWkCYP8HY,3,2020-12-27
1865,hoanghoa22998,Thr4vsQ2,2,2020-12-27
1866,dohoa24040,pY3CSZRGoCd0C,0,2020-12-27
1867,nguyenhoan47303,m6PYN3ht,1,2020-12-27
1868,xahoan38455,dbvyPo2Lam5KE,2,2020-12-27
1869,vanmai46559,PlVembVYDHtfzn,3,2020-12-27
1870,duygiang50619,ATn0tnwvy0Rpy,0,2020-12-27
1871,daonam12305,kHLbOLS3TuXW,3,2020-12-27
1872,vanhao72134,Ldl5X87e1lM,1,2020-12-27
1873,doanquynh81068,un23JvFfx891Ut,1,2020-12-27
1874,phunglinh42043,5KfoHq4I,1,2020-12-27
1875,phamthu81624,uNLfKEJ6W6hC1GI,2,2020-12-27
1876,cuhai49693,0d5QnAH1nRsZVk,1,2020-12-27
1877,cumai99926,OWg8YWFNKvlsyP,1,2020-12-27
1878,phamhoa87180,Jh8LxAo32qtEB3L,3,2020-12-27
1879,danghoan70983,OdGWsUVlLEBtx3,0,2020-12-27
1880,lyvinh83550,S2tVNKGj,3,2020-12-27
1881,vantruong10702,xUoxoIFh5E4F,2,2020-12-27
1882,nguyenphuc56054,Qnx7Ie5j,3,2020-12-27
1883,maihai42999,oD21YH8VkedBzY,0,2020-12-27
1884,cuquyen97742,QPEvYvYoemWi,1,2020-12-27
1885,dangminh95897,QzIiAR3f,3,2020-12-27
1886,dacthach34097,W4h2nEBZEX8,0,2020-12-27
1887,vanphuc11570,BUoG46Lr,1,2020-12-27
1888,vanhao4881,XG8EhJ2V,1,2020-12-27
1889,phammai19702,c9ZdJqj5EqGnpzo,0,2020-12-27
1890,phamviet21745,56pzeEzmtSAvub,1,2020-12-27
1891,maiduc67023,ekAGxykHBdgm,2,2020-12-27
1892,hodieu19290,tKpgSxQmWrNhrP,2,2020-12-27
1893,vanphuc96143,S1L3i3JsFHkmR,3,2020-12-27
1894,maithang96905,QC6liAVFs0yD6Y,0,2020-12-27
1895,phamdieu90739,0bWxckvZCKg,3,2020-12-27
1896,maiquynh93536,m5Iss5cndGFGDEg,1,2020-12-27
1897,doandao24080,uaFb2XpSQ,1,2020-12-27
1898,dacminh99651,Zoes2Ld5,0,2020-12-27
1899,phungphan57873,bH9RguQJUv2gL,0,2020-12-27
1900,dachoan32989,qJGtT8oxs24Qwh,0,2020-12-27
1901,lytruong26048,VxuAy5nDywon3,3,2020-12-27
1902,maiviet99979,8Gw637tJkw3QFT,3,2020-12-27
1903,maiphan72964,dD8AglpCm,3,2020-12-27
1904,dacduc55941,sEad88LqxndSd0,1,2020-12-27
1905,lethu35555,PP1yzLGu,1,2020-12-27
1906,dachuyen43534,cqgS5w6JwJDH,0,2020-12-27
1907,nguyenmai89915,9m7MH4Dm7tMv,2,2020-12-27
1908,hoviet89251,sxfuSe62pHT,0,2020-12-27
1909,tranphan55218,B1D8eZf9ttCSu,2,2020-12-27
1910,namhuyen89905,lHBNIaL5UeIgi,2,2020-12-27
1911,nguyenduc36474,WJJBiQUradLWOOj,1,2020-12-27
1912,phamnam37578,Gvubqcxp8U1,3,2020-12-27
1913,daoquy48861,BnAGygPwBov,0,2020-12-27
1914,xatruong31030,cnQGAO1p,3,2020-12-27
1915,daoquy95139,NjMOiesfDOYQ7,2,2020-12-27
1916,maidung70832,DuM7IvqANJNl1Nt,2,2020-12-27
1917,cuminh98289,rTjwobBQMPOpK5W,0,2020-12-27
1918,vandieu30669,aEBTWlaGKks2M,2,2020-12-27
1919,duydung46900,8iTrel2F,3,2020-12-27
1920,duythang39024,jGki1oAomrpYaG6,3,2020-12-27
1921,duyminh97433,ONviQpXqv0Qq,1,2020-12-27
1922,dangquy92495,8zbx85Xw,1,2020-12-27
1923,nammai20617,1GGT9WjiizZR,2,2020-12-27
1924,duylinh77300,P2z59D1oprnkECs,0,2020-12-27
1925,dolien40721,dKSuaIz9pekaqJ,0,2020-12-27
1926,dactruong29593,sxd71Amj2K,2,2020-12-27
1927,vandieu85522,45LNdXc9Ll,0,2020-12-27
1928,maihao42247,x0a6NlUL,0,2020-12-27
1929,trantruong50489,Kg7oBtuCfET,0,2020-12-27
1930,vantuan2654,2mos6okk7,3,2020-12-27
1931,namthang60494,CnVWl2Fsu6,1,2020-12-27
1932,doanquyet19059,STu0GNLk6PA,1,2020-12-27
1933,duythach18085,GMgNQied,3,2020-12-27
1934,vangiang41803,W85OAcXLf5Us,0,2020-12-27
1935,lyhoan47136,hlsLggDjeiHE,3,2020-12-27
1936,hoangdao27314,KvWFgEtTNe,3,2020-12-27
1937,doquyen20781,ZoCQNVx6C354Z,2,2020-12-27
1938,phamviet48024,PYLrjO0ILK,3,2020-12-27
1939,dophan25756,YFdjuO5l,1,2020-12-27
1940,tranhoan75607,DiPIrEv3XKJSA,3,2020-12-27
1941,trandieu91063,wJUUQmOmX,3,2020-12-27
1942,hoangnam95563,T5hmdFSG4,2,2020-12-27
1943,vanquang79236,t4H6f1QB5ghP5W,1,2020-12-27
1944,phungduc53102,qBjPUuzSXk2,1,2020-12-27
1945,maiphong74290,oggyQyFvE,3,2020-12-27
1946,namhoan67713,eHWZlmnC,2,2020-12-27
1947,daothach16371,LtRWhEpPnE1,1,2020-12-27
1948,daohai40933,80diMZOe77Rtbp,2,2020-12-27
1949,tranlong14528,3mjjH4Mp,1,2020-12-27
1950,duydung37239,mqcF3Yt1pd8H,2,2020-12-27
1951,doanminh12355,ikG3bTBkxIRma,2,2020-12-27
1952,namminh20171,N7CxPHpu,2,2020-12-27
1953,hoanghai24926,C41kFybYPepojI,0,2020-12-27
1954,maiminh64469,Y7t6igP9kN,3,2020-12-27
1955,hoangdieu53605,VeMkmzJS,0,2020-12-27
1956,dacquyet81563,bKFknBK1,3,2020-12-27
1957,vanphuc64754,LY1He9ZXklSlE,0,2020-12-27
1958,dophong31079,diSXh5sl,1,2020-12-27
1959,hoangthu75862,v1p19K4Xwr,1,2020-12-27
1960,phungquyen46520,T0kDjsFfb,1,2020-12-27
1961,vanthu19244,c3LfyXJjdMP2W40,3,2020-12-27
1962,phunghoan17597,feuObmbADnx,0,2020-12-27
1963,phanphuong27693,CB37KYcrbz,2,2020-12-27
1964,hoangmai6706,ZDtfdyLCV,3,2020-12-27
1965,doquyen47387,5eCFjFQ8TO2,0,2020-12-27
1966,namdieu7580,LPSRxIXQUf,0,2020-12-27
1967,daodung67410,ihOS02msi,3,2020-12-27
1968,trandao4820,XZND4jZxF,0,2020-12-27
1969,dacminh85371,aHt8G1xrPWUmh,0,2020-12-27
1970,hoangnam93545,FlOVsVeWh,0,2020-12-27
1971,mailuyen76384,TEKB7u2mKFtAO,0,2020-12-27
1972,phamduc52815,zB3cwJiophlliw2,0,2020-12-27
1973,xadieu1086,sLmMiPdP,2,2020-12-27
1974,maiviet41883,jshFZVgRRps,3,2020-12-27
1975,dohuyen2983,7R75qtkUZbuX,0,2020-12-27
1976,phamdung1073,t8TX59cqMm90X,0,2020-12-27
1977,duythu10686,PGUK9rfLI3,3,2020-12-27
1978,dangdung69697,OZ0NDLOFiWT,0,2020-12-27
1979,cuphan78524,7NLVhMHb,3,2020-12-27
1980,lydao86211,eROfNJZF,0,2020-12-27
1981,doanduc68984,z9tzwDCtObugry,2,2020-12-27
1982,doanhuyen37390,SMA4XYWee6m0,1,2020-12-27
1983,lephan67820,u7F2cHY9mPtKbmK,2,2020-12-27
1984,vandieu55213,F8xHC74g0s12gr,1,2020-12-27
1985,lyhoan40696,pcHLHDYQK,0,2020-12-27
1986,phantuan5823,bCK3ycywZCpz,0,2020-12-27
1987,phamquyet68663,PCel24CHf2EH4,0,2020-12-27
1988,phunghao87675,XlC5rjjw17W3tV,2,2020-12-27
1989,cugiang47530,Q0pu8rhXUhhPQ,2,2020-12-27
1990,nguyenlien3965,GwXNaQZIc,1,2020-12-27
1991,hohuyen14379,Em34FzT3,1,2020-12-27
1992,maiduc42631,AzLc7fsmRMfy,2,2020-12-27
1993,duyquy95163,sQ6iMCTwWRry5P1,2,2020-12-27
1994,phantuan11414,NHfLrZSjsotZg9U,2,2020-12-27
1995,lylong57341,hD5FqD5dYf241GI,0,2020-12-27
1996,namquynh44821,y7loCyswBDS,0,2020-12-27
1997,lymai79588,Wzjasb6EEfSA8WC,3,2020-12-27
1998,hoanghao54308,Am7zwsqy55wnIa,0,2020-12-27
1999,doanhao38900,13VzWi2IjB490w,3,2020-12-27
2000,hophuc39301,1LhyqNxQ,1,2020-12-27
2001,dohuyen76549,VnEhiFbFNdt,0,2020-12-27
2002,namphan1433,rZRFSQ8N0cKb3,2,2020-12-27
2003,duyhoa73870,nH5CRVPA0HsZy,1,2020-12-27
2004,maihai73409,t0PzAUOD,3,2020-12-27
2005,maihai31462,UV8oUq30Fj,1,2020-12-27
2006,phunglong44306,zckmzgma2p7rr3,0,2020-12-27
2007,xaphuong26475,jLyi7qo3ytAmBrx,3,2020-12-27
2008,doanlong86426,7mHcGibtb6,2,2020-12-27
2009,mailong67786,xscXJkaLxR9,0,2020-12-27
2010,hoangtuan66753,7b5uqapptFUz,2,2020-12-27
2011,lyhai67984,35YCyxgtHx0,0,2020-12-27
2012,duythach34783,u5bko5tgicTW,1,2020-12-27
2013,duyhao8544,4tccCn47ntjd8Zx,1,2020-12-27
2014,dangthach41369,Bv2cSqKKu0,1,2020-12-27
2015,hoangviet85906,gEbx3eUfjWW,0,2020-12-27
2016,hoangthu7598,p0kxV4zJyn,3,2020-12-27
2017,lyhuyen70586,XTKHQMezJihXqO,1,2020-12-27
2018,namquyet85725,qoWWM93vtlavTA,3,2020-12-27
2019,phamhai8493,euNduh2UA0F,1,2020-12-27
2020,danghai27841,HFN0VDcYvpRFh,0,2020-12-27
2021,xalien72021,E9BBJsiNF,2,2020-12-27
2022,vanphan88285,QSLcdO2Qz,2,2020-12-27
2023,ledao37585,E2uQDjYN,0,2020-12-27
2024,cudung21472,jXH8c4KLqCoh,1,2020-12-27
2025,cuhoan54504,LXT3gSVhQ6zV55D,1,2020-12-27
2026,duyphan30165,avisUYmj1i,2,2020-12-27
2027,cutuan6746,JTBMK1PVUh,3,2020-12-27
2028,dothang40060,vt9qYzdm3FX,3,2020-12-27
2029,dophan55608,XXz1aQqfJokA2CO,1,2020-12-27
2030,dachai35842,Zuneu5nTls5x,1,2020-12-27
2031,daohuyen53766,VwGtmWXkJE4,1,2020-12-27
2032,vanphan7878,QKnsThY2i,0,2020-12-27
2033,xatruong98092,iQYc4gLb,2,2020-12-27
2034,dacphuong84653,u1uS9SgHT3Gs,2,2020-12-27
2035,nguyenphuc14511,Ldtnjntq,1,2020-12-27
2036,lequyen4590,FihxlWgpsuZGK,3,2020-12-27
2037,vanvinh88293,0oV7LsNazpkY,3,2020-12-27
2038,domai14278,Mp5WUeVr,1,2020-12-27
2039,vanphuc80530,1hM38Dtm8V9M1ra,1,2020-12-27
2040,hoquy96520,k5lMBpi1SAQX,2,2020-12-27
2041,namtruong30065,hRgirVjnl3,0,2020-12-27
2042,maihuyen15929,vD0DC2afv,2,2020-12-27
2043,dominh1516,wJOXobYT4B8V5ln,3,2020-12-27
2044,tranhoa92797,s5r4rvBqx6pr,0,2020-12-27
2045,daohai78397,UYB8iZSTQUoPyg,3,2020-12-27
2046,duyquyen14464,3wHy8MGVXD,2,2020-12-27
2047,dangvinh81385,TaTkolIdchMGq0U,0,2020-12-27
2048,doluyen89021,TLomgOryzp,1,2020-12-27
2049,hoangthach49438,9ihEkrzostEzs,1,2020-12-27
2050,vanphong91819,0J6HPckcBGFif6,2,2020-12-27
2051,holien4981,LQUutTLKl,2,2020-12-27
2052,vanduc58630,w4Ojw0lY,3,2020-12-27
2053,hotuan24748,exughsfLeUQEI1w,3,2020-12-27
2054,dacgiang27955,D84V7dM36dRkKE,2,2020-12-27
2055,hoanggiang1641,VkYyZBQIg,0,2020-12-27
2056,xalam31973,6iSGuheevd,1,2020-12-27
2057,phamvinh44384,tt1q9s01dz,1,2020-12-27
2058,dodao30111,DRkyS1WBTAZ6o,0,2020-12-27
2059,hoquynh93073,A2s17ez7iB8Kx8,2,2020-12-27
2060,dangphan22740,wH2clpHFWatHa,2,2020-12-27
2061,phanlong86241,xy8i4yyP4e9c,3,2020-12-27
2062,phamlong23598,oD1PUV3bau,0,2020-12-27
2063,doanthang50239,h2Wz8lUc,0,2020-12-27
2064,vanthang52656,ozgnvPi4LJ3,2,2020-12-27
2065,vanvinh38683,uOsYTO0TfYPXWqq,3,2020-12-27
2066,lyquynh55789,bQLuuRNByF,2,2020-12-27
2067,tranquyen11532,7bK1zjPU,1,2020-12-27
2068,danghai25384,iirVgJfWLKYWDT,2,2020-12-27
2069,vanthang76639,6sInNBju,1,2020-12-27
2070,vannam19478,bx5jV9jfBN,2,2020-12-27
2071,cuthu82334,rOYJvsZ97GH,0,2020-12-27
2072,duyvinh34178,zHTySJ94,0,2020-12-27
2073,xavinh40607,suiNooJXUFH,3,2020-12-27
2074,lemai88467,oMkd17FWtO5,2,2020-12-27
2075,vanlinh58937,0phJaDEK9y,2,2020-12-27
2076,phamthach41908,aaGTGhjU0ih50lD,0,2020-12-27
2077,maiquyet15361,ERHGTLTfDr97U,0,2020-12-27
2078,tranthu46469,GVdVVnf8cUHPwh4,3,2020-12-27
2079,hoangdieu51879,Y6cGF5VhOKmjTsW,0,2020-12-27
2080,namdieu34988,SBmcVDiX,3,2020-12-27
2081,lyquy89202,1RtOZWz3,0,2020-12-27
2082,vanphong17437,9H9iGSIWceIxn6,3,2020-12-27
2083,donam27825,sT9aGPTmHrl3,0,2020-12-27
2084,lytuan6746,eB35YuUeLpW5,1,2020-12-27
2085,daoduc69509,sohSRYVj,0,2020-12-27
2086,namlinh76720,ETC4mqlbq,2,2020-12-27
2087,cuquy21742,SqtHsnfBw,2,2020-12-27
2088,nguyenquyen22878,RVVJ8ATb6cpbIt9,2,2020-12-27
2089,holong55046,AuVQX6DIghgns,1,2020-12-27
2090,phunglinh86919,HF8PYFkKeNm,3,2020-12-27
2091,danghoa8301,SSR06JkORc7Uksx,3,2020-12-27
2092,phungdao24146,N7SSEvmF,1,2020-12-27
2093,maiquy97420,TP6KH9ySfRD,2,2020-12-27
2094,cuhoan12628,QMGLpOt7sux,0,2020-12-27
2095,lelien4288,ZxXMnq5hYmwM,1,2020-12-27
2096,phamdao38616,9pmfHTO270,3,2020-12-27
2097,dangquyen23724,GDKYNWttYbhN,1,2020-12-27
2098,doanhoa11024,9XoHp9M4,3,2020-12-27
2099,lehai15280,saF7f7NKA5srAFI,0,2020-12-27
2100,namhai11608,l9YiiASPvh,0,2020-12-27
2101,hoanghai27763,5EDamSeR9vA,0,2020-12-27
2102,phanlam27282,FdyqDvSwpOuKZ,2,2020-12-27
2103,duylam48686,Pm9eiWJOLWChMA,0,2020-12-27
2104,hoangphan26819,a9HwVpYu5N5ft,3,2020-12-27
2105,phandao77807,lZcYdT73l9TE,2,2020-12-27
2106,namtuan42827,AuqoLqqMNqzb5nk,2,2020-12-27
2107,vanthach14199,1uBMBpFawsd,2,2020-12-27
2108,duylong99006,91GQqJifpS,2,2020-12-27
2109,vanlong74175,81f9lVa7U,1,2020-12-27
2110,hophan76560,WF8MEZJWJ90,0,2020-12-27
2111,maithu21440,TQfEIUWrMcIq,0,2020-12-27
2112,trandao5345,pWWR5NXsE6I,0,2020-12-27
2113,vanhao68906,hfU200ALEu2dA1,3,2020-12-27
2114,hoangthang80615,EPPAXiYG4,2,2020-12-27
2115,duylien55341,5MEuxK7Y0y,1,2020-12-27
2116,doandieu50846,bKuMzMFCVY,3,2020-12-27
2117,vanlien41620,IOrear301,1,2020-12-27
2118,danglinh23632,DfuPlqwFFIp0siV,1,2020-12-27
2119,tranhoan92463,1QQwh1DxXu05gP,2,2020-12-27
2120,hodieu14101,YdufFItUKKDx7Xo,2,2020-12-27
2121,xalong64921,hIPwAP0Veu3dqd,0,2020-12-27
2122,daominh5257,YUZLqis2IZSNxHC,0,2020-12-27
2123,culien31048,c1bvhUhqZeH,3,2020-12-27
2124,phungthu71047,HE7S3R4SUh5P,2,2020-12-27
2125,mailinh56965,RbOH4swrv4,3,2020-12-27
2126,nguyentuan6588,bzCbXcx6w,0,2020-12-27
2127,hoduc61718,COcuxL2Vn,1,2020-12-27
2128,danghai30216,aSYpdTn5gHHgUy5,1,2020-12-27
2129,vanviet8788,UIlDyGTm6,2,2020-12-27
2130,hoanglien8130,Vmt20bva,1,2020-12-27
2131,vanthang26388,kpacgMAuAj,0,2020-12-27
2132,daoluyen17955,aRGaCoZP33b,2,2020-12-27
2133,lethu4136,4mPRborSwt9W,1,2020-12-27
2134,maiquynh15641,xDb5tY0X78YJQY,2,2020-12-27
2135,nguyendieu79233,lSpDSVjCPEPm,0,2020-12-27
2136,dacdao46688,IIsydDHUOj6Fg,1,2020-12-27
2137,xaquyen61711,ezTBlo8n9DUwdi1,2,2020-12-27
2138,phanlam37919,BPIvdYVI0RyfB,1,2020-12-27
2139,nguyenviet94975,oyr3hl0WIrp,3,2020-12-27
2140,vanvinh93487,sDb5TfEr,0,2020-12-27
2141,xaphong22930,dxPEhhbsxGT,0,2020-12-27
2142,dacgiang9918,C9VA7Ogs6iJF5y,3,2020-12-27
2143,nguyenphong93695,FzjrKJ7u4W,0,2020-12-27
2144,duythach6257,1bHNj2XEv,3,2020-12-27
2145,dacphuong50445,H1NSiLSCLSp4l,3,2020-12-27
2146,phamquynh41410,SppPC9ap4ajhSV,2,2020-12-27
2147,duythach65442,H90CekVaO,0,2020-12-27
2148,dothu55836,usEX5udL5UU,2,2020-12-27
2149,duylong90793,ocy3QeGJis,1,2020-12-27
2150,xaphuong92864,spyra9BdPwPf,0,2020-12-27
2151,namhoa95588,N9MQJXnMbSFCo,1,2020-12-27
2152,dachai34749,jBsZni1a,1,2020-12-27
2153,phanhoa78333,fahivPNqIBhN,3,2020-12-27
2154,daohoa91346,xK1p8xz7xxx9I,3,2020-12-27
2155,mailien63169,VCu0DFhL,1,2020-12-27
2156,hoanggiang69737,1iIHVlrle87vItp,3,2020-12-27
2157,dophuong13668,qXhkEzbnl1hjB,3,2020-12-27
2158,phungquyet15358,PgSbeBGBkaCM,3,2020-12-27
2159,namtruong75952,03VhB0rT8j23a,1,2020-12-27
2160,dotruong72909,3vXuQvwpklBi1l,3,2020-12-27
2161,vanminh12806,l4629oFTcrL7y,1,2020-12-27
2162,maiphong58202,kTdL69jRIDZ8X,1,2020-12-27
2163,dactuan41291,UM1jyDvxzSg1b,3,2020-12-27
2164,lythach66212,Q8SsOFHqF0n,1,2020-12-27
2165,dangquy64519,IDFrQ0VAkn49d5,3,2020-12-27
2166,xathang87526,DaT2bFCLSm1K,2,2020-12-27
2167,namthang99579,PZxqlYNJF2,2,2020-12-27
2168,namduc63216,8XNbdWbdh,3,2020-12-27
2169,vanlong35559,4YkVEdhjsHB3,0,2020-12-27
2170,mailinh10082,Aio4qUkuRPKKY,1,2020-12-27
2171,namviet48758,a1YgG7pg,2,2020-12-27
2172,lehoa58861,rw448oHLvwI,1,2020-12-27
2173,dacmai10906,FgsVp9HHecSNqV,3,2020-12-27
2174,namhai8589,zMy9S9qwyDz,0,2020-12-27
2175,phamhoan39091,OZcHAsB6DwkWyp,0,2020-12-27
2176,tranlinh55140,XNJBDFd7utwcuj,0,2020-12-27
2177,vanlam74635,XB3Ec6cbL4wz2,3,2020-12-27
2178,cuphan10906,nlMDJSAU6P,1,2020-12-27
2179,ledieu37273,oCtbOabRXm2D3,1,2020-12-27
2180,hoanglinh47797,PBxUOHucrXrw,2,2020-12-27
2181,xahai34220,MFoo0NvwTAdiM,1,2020-12-27
2182,duyhuyen73246,0t3VSqNhF6h1p,1,2020-12-27
2183,phungduc41595,yeRXxRKdx,0,2020-12-27
2184,legiang54532,wvnZrTJumCMHKFq,1,2020-12-27
2185,culong41277,zP4e72XLzio8,1,2020-12-27
2186,duyhuyen95225,lk3ZfNMy6q,2,2020-12-27
2187,maihoa91473,wM4hF5zeLbK,1,2020-12-27
2188,phunghoa3619,akD46N0JAq,3,2020-12-27
2189,vanquyen83099,1UvYNie1yZaIh7,2,2020-12-27
2190,dolam90406,JUOwImE0rgFIR7l,2,2020-12-27
2191,vangiang31885,NpktG7cfID,3,2020-12-27
2192,nguyenminh79461,L5Vhn96Vmj9l,2,2020-12-27
2193,phanlam40402,FLTz1fQ3uAb6dc,0,2020-12-27
2194,danglam93445,AEpItPt8,3,2020-12-27
2195,hoangduc36681,xIMGcFJJ2Ek,1,2020-12-27
2196,vandieu29390,SRhrisNJpocQn,2,2020-12-27
2197,phunglien70446,pkUYUg3e46,2,2020-12-27
2198,namhao89213,s2GXAC9KuoDQ,2,2020-12-27
2199,maidao94318,GHx3bwhD,2,2020-12-27
2200,phamhoa45548,3A7Ohp0ORO9,2,2020-12-27
2201,namphan23419,nlkJa3QaEJhLd,3,2020-12-27
2202,duynam40833,0Uw2diAhGMhs2,2,2020-12-27
2203,dangquyet95479,0HteV4CbqoSpU,3,2020-12-27
2204,danghoan1344,KQz2Va5k,0,2020-12-27
2205,xalong49929,AtU9iQW0Ex,1,2020-12-27
2206,nguyenvinh99546,EjlY1KnPmGNs0,2,2020-12-27
2207,lylien32286,TA494tB4c0lIi,1,2020-12-27
2208,cugiang23958,qSssKnsB3wRbvK9,1,2020-12-27
2209,xadung76299,VKvXWueJ8V6Xq,3,2020-12-27
2210,lythang29943,Ihc8Z1W04,0,2020-12-27
2211,namquang70698,nnZxlHxc,2,2020-12-27
2212,doquyen97709,0izS2BEmjCDKfqR,0,2020-12-27
2213,duydung84485,90VeCNXWWPH,1,2020-12-27
2214,lyquang22476,8wQhJHrgDt41,1,2020-12-27
2215,doanphuong61257,CcTaLBPb8iq,2,2020-12-27
2216,dangtruong12546,P4o6sAtste3JN,1,2020-12-27
2217,maihai88139,wn3wZAqfHS,1,2020-12-27
2218,phamhao36809,0nXgCQXezGN6j,3,2020-12-27
2219,vanphan28898,up2AyWwRGrV,1,2020-12-27
2220,tranluyen84135,0wv9rTRF68lpja,2,2020-12-27
2221,lydieu43522,qqrBN4yN4e6u,2,2020-12-27
2222,daotuan19922,u7t2hv5VRW,1,2020-12-27
2223,tranquy7838,gCoTc5pmBNRjRN,3,2020-12-27
2224,maivinh23629,4OHQLTHwZO9wD,3,2020-12-27
2225,cudung44472,KCwNbChnVpf0d,3,2020-12-27
2226,hoangminh34160,RlOcvsSC,0,2020-12-27
2227,maiquang2531,8AGimgFYHpKg,2,2020-12-27
2228,cuphuong37398,vL1f8AP6D7XU,2,2020-12-27
2229,duytruong52507,rbgnKxen,0,2020-12-27
2230,phungthu18758,wcGZlF3d3RsG8,2,2020-12-27
2231,vanluyen86202,g6wIahl6,0,2020-12-27
2232,cuhoa14734,iSVeq3VxCZ2AEc,2,2020-12-27
2233,maiquang57832,qUtlbuGo31,2,2020-12-27
2234,phanhuyen63799,kKhOkiHV,1,2020-12-27
2235,phanquynh68354,qGDr7BNk8DdwVY,1,2020-12-27
2236,daophan30170,5ucOgOcv,1,2020-12-27
2237,vannam7261,y1Fh3lTFQ,1,2020-12-27
2238,tranphan70876,XhSg3HmqTw,0,2020-12-27
2239,phamtruong65066,Ku6QKUWo,0,2020-12-27
2240,phamhai33177,80pTAzPFleAWT,3,2020-12-27
2241,maigiang46452,WvVySTPPflviZ,1,2020-12-27
2242,lehoa23151,VSNBffXOdKD,0,2020-12-27
2243,doanphuc39832,KpPNr8O33NzJur,2,2020-12-27
2244,vanphuc28703,4FHKQSjTbM,0,2020-12-27
2245,lyvinh53968,RXXO2HSDipuy1m,0,2020-12-27
2246,doantruong8319,DI9o8ySW,0,2020-12-27
2247,dachai78973,Bdl1LnlpTnkq,0,2020-12-27
2248,daolong50873,m9gSvzU6hEi7,1,2020-12-27
2249,phamnam21629,QuPRuuiB5,3,2020-12-27
2250,lylinh95291,iJtT0kyRiqZlMX,1,2020-12-27
2251,hoangmai97299,hxkmWaUHJ6Dw6ec,1,2020-12-27
2252,daovinh84911,e6exPuRmVE8AOb,2,2020-12-27
2253,lemai30406,qv0Qkr1bMUKR,3,2020-12-27
2254,lyphuc52621,QDd8uhJTBMA,2,2020-12-27
2255,lehoa54596,4GFmbFvGB0I3,0,2020-12-27
2256,phungmai42169,DqpwJtD8JzGZW,2,2020-12-27
2257,nguyenquang71462,lK8kqvgA1Q,0,2020-12-27
2258,dangdieu88609,MgvbFLET0YHT,3,2020-12-27
2259,namlam80577,KULnogaUTbdi,2,2020-12-27
2260,hoangphuong31387,sJjzkf34AtR,0,2020-12-27
2261,hoangminh84138,n59Ylc0le,1,2020-12-27
2262,maihoa17850,C1xuYDFoJV,0,2020-12-27
2263,xanam52304,VLMeeXSXK,0,2020-12-27
2264,lehoa20511,Lf85zh3wAoDDtF,3,2020-12-27
2265,lytruong10907,TZHLNo3sr8ldQ,3,2020-12-27
2266,lygiang84288,LoKDYaIbVoBomS,0,2020-12-27
2267,danghai86800,Er6JAgBix60BXE,3,2020-12-27
2268,vanphan16545,8ON0aYcr9q,1,2020-12-27
2269,dophong84626,SKI1gT63EgZLgy,2,2020-12-27
2270,nguyenquyet56358,jBxPcpp3dBCX,3,2020-12-27
2271,danglien56655,9BJdvc7rCoEgOCF,3,2020-12-27
2272,daoquy77309,dZF4csjLY11TyX,2,2020-12-27
2273,nguyenhai75334,WpFIVFmMnXhT2F,3,2020-12-27
2274,mailinh47795,mHny2ZLp9lX1Vi,2,2020-12-27
2275,doquynh50746,edRc79xBQL6S,3,2020-12-27
2276,lehoa19717,HzTL1uzTz,1,2020-12-27
2277,maiphong66183,Zz4pQ1l7f,3,2020-12-27
2278,dangnam51909,KAtZbCnMrYq,0,2020-12-27
2279,holien16043,AbNQpM1y9NOqS5,1,2020-12-27
2280,lyhoa96236,JJFBAvQLjX4Csl1,0,2020-12-27
2281,tranminh39778,DZAq4BKo,0,2020-12-27
2282,danghoa36225,WEwfE6HIdK,0,2020-12-27
2283,holam38991,zbB0EYOVCR,2,2020-12-27
2284,xagiang18325,v2jdUoXn3BtkXKQ,1,2020-12-27
2285,xathu81826,lBzp015jE08YZu8,2,2020-12-27
2286,vanvinh65750,rfizSQ7ikxCu,3,2020-12-27
2287,ledung95984,YqQyCOM2,3,2020-12-27
2288,vanlinh50589,R1SHEjHO,1,2020-12-27
2289,phamquyen60531,dvxg855yC6mC,2,2020-12-27
2290,namdao72950,EfK5gGmTjoI7G,1,2020-12-27
2291,namthach69282,vu3LHaednqnSFVm,2,2020-12-27
2292,namhao84266,N5hOAZzwDF,2,2020-12-27
2293,tranthang51193,XBKgQhJ1e,1,2020-12-27
2294,duydao16949,zp6fU9NDbgTRE,1,2020-12-27
2295,namhoa59058,9iGEeopqrQqxUq,0,2020-12-27
2296,daophan3283,JDW2tSRnQfXQ,0,2020-12-27
2297,hophuc45515,Fd8dA4pG2RZrHK5,1,2020-12-27
2298,doanhoa42476,Az8Ota7vrdNEY,0,2020-12-27
2299,dacthang45911,mm8QxqJmRVJpyX,1,2020-12-27
2300,dophuong84579,tecLswrQGccVAZh,2,2020-12-27
2301,cuminh90648,yoUnRDwNciuch,2,2020-12-27
2302,dophan8049,tSOYPNEjQJOcW6d,3,2020-12-27
2303,danglinh56447,79kMQbJiMY5Ar,2,2020-12-27
2304,duynam56589,EvQ9MfDQL,0,2020-12-27
2305,namdung72973,v2J2nt2j,0,2020-12-27
2306,daohai35376,oiKZ7T7E,2,2020-12-27
2307,cudao17242,JTdVgRD62,1,2020-12-27
2308,nguyenhai3665,DAIQSdZoFrV,2,2020-12-27
2309,namhao70553,QEhs1WrcrIZ,1,2020-12-27
2310,phamtuan44522,xWCtssd4nYvNq,3,2020-12-27
2311,danghao52071,rKbpgmjG,1,2020-12-27
2312,daohao85463,AhiLWTMeLYHsknV,0,2020-12-27
2313,hoviet34915,b1T1Ye9fJ,0,2020-12-27
2314,phamquyet6446,2VpV95MXYRLX,2,2020-12-27
2315,daophong63876,UAYk8xOnH,0,2020-12-27
2316,namhoa43525,sP6fq0Ss0J,0,2020-12-27
2317,duyhoa5569,3xfhkMYHut7tKK,0,2020-12-27
2318,lequang84161,cpLu0ZJMHPk5x,2,2020-12-27
2319,doanhoan16936,YoeCYmEvgn,3,2020-12-27
2320,xathu68254,sa3ooaSVQglzr6x,2,2020-12-27
2321,nguyenthu97772,W6DB5b6XcUegvYF,3,2020-12-27
2322,phanquy68787,8oJ0kedOU8s1EPG,3,2020-12-27
2323,lelong54491,tJLTSHgCqijRoc,1,2020-12-27
2324,hoanggiang53755,TwBnDixSspi,1,2020-12-27
2325,tranthu20152,34WNRxvOQpgXfND,0,2020-12-27
2326,trandieu30757,okDE6lp3EhQ,0,2020-12-27
2327,dophuc87870,ZkdzLJCZeJRhTJJ,2,2020-12-27
2328,duyhao80416,Qk3VtwRRluJP,1,2020-12-27
2329,hoangquyet70019,Tt4KlP5c7tIC,2,2020-12-27
2330,daclam2895,ZfGYxHzoZ2q5,0,2020-12-27
2331,xahao12314,k4vGKXvJgW,1,2020-12-27
2332,namviet47300,p822gwDG5sMyx5,1,2020-12-27
2333,lehoa94076,QVE474kRs,3,2020-12-27
2334,phangiang13396,25Cp1Xhhi,2,2020-12-27
2335,phungdao4810,HSkB5Xj1,2,2020-12-27
2336,phunglien27952,18dcaVmU,3,2020-12-27
2337,tranvinh20793,x4ECSSYKBj8,0,2020-12-27
2338,dangdieu7398,EvlaYAorob,2,2020-12-27
2339,doquyet4963,GfDf8rKnT1,3,2020-12-27
2340,namtruong21846,FKO9uXvqkANscM,1,2020-12-27
2341,lequang40540,mGunxY4r9OCK,3,2020-12-27
2342,xadung54340,DpyYxCxJhaPCNvj,3,2020-12-27
2343,ledao76584,xUHOTEPAz9WQD,1,2020-12-27
2344,hoangviet91342,FnCBkHFprzNn5p,0,2020-12-27
2345,hoanglinh37552,UfIzGoNAcnnK8,1,2020-12-27
2346,lelien15373,RN91ASps,0,2020-12-27
2347,doquang59372,RzjQZw4QET3xzn,1,2020-12-27
2348,vanviet38085,Bw1B8cFDlVETCw,1,2020-12-27
2349,phungphong30916,W90wU4Rpc,0,2020-12-27
2350,vangiang7950,Hp0NjZSKuEc,1,2020-12-27
2351,maihai44954,cpS0iktYDM3Is1j,0,2020-12-27
2352,dacphan33855,xNWbZPPmVA7Ow,2,2020-12-27
2353,nguyendao6668,cdQOEl3jn,0,2020-12-27
2354,hoangquang80874,MkjYRqGEhJ,0,2020-12-27
2355,holinh95010,K4gOHCdTxYL,3,2020-12-27
2356,maiphuc94611,bDk2KGagGi,1,2020-12-27
2357,duyhoa41053,42iMUjCSmQvmf,1,2020-12-27
2358,daodieu13173,kBb3mtImmJVU,2,2020-12-27
2359,dangnam53357,dSeVcpkTOe6ACHU,3,2020-12-27
2360,dacgiang13021,eAJUHfDGvX,2,2020-12-27
2361,71517abcdefgh,tsTCL2QMIk,3,2020-12-27
2362,daolong40731,yDWk2EAR94ihS04,3,2020-12-27
2363,xaquynh60169,JiIU51Z48uXMV,2,2020-12-27
2364,tranlong12994,755oDkHI2,2,2020-12-27
2365,namlong49969,bPkRN9PxJgd0,2,2020-12-27
2366,dangphuc11946,EUrGXzvDhW,2,2020-12-27
2367,mailinh34884,08zpPGs2,2,2020-12-27
2368,tranmai42984,DwCMagmMOFQbD,0,2020-12-27
2369,phunghoan93406,TLcTQCdo,1,2020-12-27
2370,vanthach1644,uUalK6odfpj,0,2020-12-27
2371,dachao29232,pqddVsbnG,0,2020-12-27
2372,phamdieu64868,2kRjF46O7,1,2020-12-27
2373,phamdao9043,tAS9GgFmiTFcsmB,3,2020-12-27
2374,phamhuyen54159,jKEsouEHfLNbiq,2,2020-12-27
2375,phamhai51765,XYohWPz3,1,2020-12-27
2376,doanlam39701,9deErPi8axPeM3,0,2020-12-27
2377,tranhoan81158,mErrMy1m,0,2020-12-27
2378,daovinh65039,1Loe9xdQtKB4D7J,1,2020-12-27
2379,cumai77377,fFZQjHZ7n6,0,2020-12-27
2380,daothu28812,oQIOurwR,2,2020-12-27
2381,hoanglam9938,gNfnQDX9IDq0Fe,2,2020-12-27
2382,maiquyen95470,2keneDA3usN,3,2020-12-27
2383,phungvinh27469,BZ8M9pzF,2,2020-12-27
2384,xaphuc4671,htfM5FTaDDkr,1,2020-12-27
2385,nguyenhoan41730,m6iH4JpAz2lT,3,2020-12-27
2386,danghai85088,zc6N26iU7w,0,2020-12-27
2387,mainam10381,tJ1U4v2yW0A,2,2020-12-27
2388,hoanglien18386,zBAbSe3JP,1,2020-12-27
2389,doandieu82171,TL6X2RhYpFfqfE,3,2020-12-27
2390,tranquyen40779,QvDZY1gF0PxH,2,2020-12-27
2391,phamtuan71116,7ugvziGV3,2,2020-12-27
2392,xaluyen26045,pYymw15aBlcN,1,2020-12-27
2393,dotuan20812,V8CdUa4O,2,2020-12-27
2394,phunghuyen93199,ev7xGMUHmJgwf,0,2020-12-27
2395,mailong51765,9PokXprSd,0,2020-12-27
2396,cuhuyen55007,uDBkX2dJ8eDrpl,2,2020-12-27
2397,lequynh65207,rKvp788VDwm09v,3,2020-12-27
2398,nguyenthach96003,tY67kVlHS,2,2020-12-27
2399,phamquyen43895,obtJGe5R,3,2020-12-27
2400,doandieu12395,U2hE3NQIplgjF,1,2020-12-27
2401,maithang8970,TB12P3ONoyoOKYF,0,2020-12-27
2402,dacdieu20788,L3atciisNatT7g,1,2020-12-27
2403,phanquyet5033,sVa7LvB0,0,2020-12-27
2404,doanviet48642,Ogsg3rE3UkV6,0,2020-12-27
2405,cuphuong54897,Z2gA8xDzm1zX,2,2020-12-27
2406,vangiang4976,2csVIW0j02CE,1,2020-12-27
2642,dangphan62612,Br7RUJXjFTIR,2,2020-12-27
2407,tranphuong50520,2344fnJryt6c3n,3,2020-12-27
2408,nguyenphan58351,v7CtQUk6F4x9lHw,0,2020-12-27
2409,vanphuong89376,dfUNauNk,2,2020-12-27
2410,maitruong53800,H2I1Hyzh2wi,1,2020-12-27
2411,maidao19452,S5j6T6Jj4Z,2,2020-12-27
2412,maitruong61244,9b7BXPwOl,2,2020-12-27
2413,daoquynh37128,Qacc56mZ,0,2020-12-27
2414,lyminh73069,SmhyaCMUedIs,0,2020-12-27
2415,hoviet68080,VvVR4GIS9t,1,2020-12-27
2416,phamhoan89924,DQ2NQVjM4,3,2020-12-27
2417,dovinh71339,WvvWazJisYIY,0,2020-12-27
2418,tranlien36157,ltSJIOxd19O,1,2020-12-27
2419,danghuyen56996,9q4BXMSkUc,3,2020-12-27
2420,phamquyet95642,KJdV0gu0eCA,2,2020-12-27
2421,lehuyen51176,77zXeLGVk,1,2020-12-27
2422,duydao13119,0UQLTEu9W,2,2020-12-27
2423,dophuc96840,Nso3Whc0M8ZQt,1,2020-12-27
2424,hoangviet55779,G4MG0wh0,2,2020-12-27
2425,lyphan30902,aBdkRyuAm6g6,0,2020-12-27
2426,cuphuong54628,v9j9Fitwlol9bKN,0,2020-12-27
2427,vanlong95950,GlRI3xPXHO,2,2020-12-27
2428,trandieu83878,MYCUHhM6j,2,2020-12-27
2429,lehao79457,bHEwvYSocU2p,1,2020-12-27
2430,phungphuong65158,OgmsRTfi58U5PI,2,2020-12-27
2431,dachoan30156,PqpmWNBYJ7Ud,3,2020-12-27
2432,hotruong73255,919jhOAhXrIwMV,2,2020-12-27
2433,phandieu66673,OtLVW6AwipfZR,1,2020-12-27
2434,nguyenphong19013,CklUh0mnadWgz,2,2020-12-27
2435,nguyenhoan39354,WkENZQpTZA6Xc,2,2020-12-27
2436,maihai20306,4QA6s9gN,3,2020-12-27
2437,xaquang58056,EwzqxY5OOO,3,2020-12-27
2438,daominh43781,8D75HDQR,0,2020-12-27
2439,phamlam88404,K5088jaN39LtNO,1,2020-12-27
2440,lehai28274,Mqfp0PICTQTbEbi,2,2020-12-27
2441,dactuan83226,Z2QfQNCuBz,1,2020-12-27
2442,phunghoan73479,fOJ8caz2D,3,2020-12-27
2443,dophuong48096,lDL6ab2VdxoJY20,1,2020-12-27
2444,dacdieu72103,6iBWd7cRO5WOahg,0,2020-12-27
2445,cudao11957,YKUfGLYnO,3,2020-12-27
2446,phunglinh21244,mFdgUuDbBzWtRUL,3,2020-12-27
2447,dangdieu66036,Ic1UgdcjIMXwVx1,0,2020-12-27
2448,phamlinh27973,k8jMWtJjzd,1,2020-12-27
2449,phamhai55622,xBIZgY6Cl,1,2020-12-27
2450,daohoa68731,Q1kpnsUFFVs,1,2020-12-27
2451,duylam77681,U8cRWn4wJT2A,3,2020-12-27
2452,tranhoa26996,BduPhk3e,1,2020-12-27
2453,doquynh52437,7PaFNK7G6sQnIQq,3,2020-12-27
2454,lelinh96466,U9czBV7m87TKyYS,1,2020-12-27
2455,phanphuong57848,fV1dTTvwg,1,2020-12-27
2456,dogiang86475,Q6Mm35hQ,2,2020-12-27
2457,vanphuc70421,y0tcdpmV5hJmnIa,1,2020-12-27
2458,maithang54460,nDllpLhZqSB,3,2020-12-27
2459,hoangquy15484,1YmEvhLShml,3,2020-12-27
2460,dacdieu13181,ps0oDW2xM2oPa,3,2020-12-27
2461,cumai68189,hCPUSIbzdW,1,2020-12-27
2462,namtruong62624,iEJqhU6RjZk3,3,2020-12-27
2463,phamlien94025,CW8LL5g8vs,1,2020-12-27
2464,namquynh20818,Rig4Zafo145Q,2,2020-12-27
2465,vanminh44186,uXPlMPMNqKMMbdd,2,2020-12-27
2466,phanminh7271,mnvOMDGkStp8s,1,2020-12-27
2467,hoquy92070,AAPvn3gi,3,2020-12-27
2468,maidao56443,ED4CKXhuqUkhHX,2,2020-12-27
2469,dohao60460,bTjdSIKqSR1X,1,2020-12-27
2470,dogiang49658,GKrWVNBsUYIgv,0,2020-12-27
2471,phamquy67910,L3YDj6Gu,2,2020-12-27
2472,trandieu93080,YPbj50z6lE,3,2020-12-27
2473,phunglinh60947,ZUX29XqvvZY3xX,3,2020-12-27
2474,cuhoan33044,ZADJ4He0HogW6,3,2020-12-27
2475,duyvinh5393,7hHBIuhmBLluF2,2,2020-12-27
2476,phamviet61627,6X1hnACKP,0,2020-12-27
2477,xaquyen90938,yP3mEzJ5DoqZk1f,3,2020-12-27
2478,danghoan95045,xt78qhj95yG,3,2020-12-27
2479,duymai68574,ZEvWwMjZXVXD,0,2020-12-27
2480,lehoa83817,6Xi38xxlrwQiIHA,1,2020-12-27
2481,vanhoan17378,5nL8CGxd,2,2020-12-27
2482,nguyenquynh19984,sMfsYbqO,0,2020-12-27
2483,hodung26393,Rck5EcM9Zdb65,2,2020-12-27
2484,phunghuyen15503,OkjBeFfdYXbdse,2,2020-12-27
2485,vanphuong25166,qWqACOQs,1,2020-12-27
2486,vanquy70509,nqKpue4yD8cT,2,2020-12-27
2487,xahai21989,jVxmB3uZ,0,2020-12-27
2488,hoangtuan88150,EbpAq6wU1rRxG6P,0,2020-12-27
2489,namduc17236,f5R7fwmttCUsjyU,0,2020-12-27
2490,xaquyen53000,ifWekInhA9ND,1,2020-12-27
2491,hoquang64490,WbgwyEKgBRd,0,2020-12-27
2492,doquy11774,d40NdzVBYHx,2,2020-12-27
2493,duyphong6292,dKQlJQL65SlJF5I,0,2020-12-27
2494,doanhoa4245,HYusMulFL,3,2020-12-27
2495,maithach49342,khlBubjCHqnpB4K,1,2020-12-27
2496,phanhoa97192,CiTwpFNKYhHj,3,2020-12-27
2497,duyduc68645,QRFeVZIwnOQ,3,2020-12-27
2498,phanlinh38404,s2y3RDvnph8,2,2020-12-27
2499,daolam23170,qccltZOBniiH,0,2020-12-27
2500,doanmai44513,nCJMPrvV5VNG,3,2020-12-27
2501,dogiang26459,uctUFzhe,1,2020-12-27
2502,duyduc8726,KyeZkhS6zP,3,2020-12-27
2503,phanluyen27265,oplhs9UDA6KHcAV,2,2020-12-27
2504,nguyenquyet53997,eBURlnQUmCHCFZ,1,2020-12-27
2505,vanquyet71467,CGOR0wNwXZQHe,3,2020-12-27
2506,phanhuyen94014,J882mU8qmn,2,2020-12-27
2507,nguyenvinh40717,iVyGdzm4EvpKuY,2,2020-12-27
2508,daolien87365,t5iLLGLKu6OPl,2,2020-12-27
2509,tranhao99278,loEGmqQCVk,2,2020-12-27
2510,tranviet82426,95ZzZnyYF,2,2020-12-27
2511,vangiang1174,JGjjNgtS7n7Df,3,2020-12-27
2512,maiminh23677,WABAJPx23r,0,2020-12-27
2513,namtruong87184,jHpiwI92UdC,0,2020-12-27
2514,phunglien98049,qRbXn5uyklRi,2,2020-12-27
2515,dohao26288,5Y20uqk0enkI6,2,2020-12-27
2516,maihoan70627,BWpxAPg2GsJR1s7,1,2020-12-27
2517,tranhai27082,TSVsdXq7N65OHoh,1,2020-12-27
2518,hoanghoan90640,KFD7u7HQ,2,2020-12-27
2519,xadieu13455,M25n6nlT0lzQ,1,2020-12-27
2520,vantruong74272,L8EpTkreLGITpT,0,2020-12-27
2521,cuhoa34556,7JIlplzO,1,2020-12-27
2522,hoanglien79029,Z7LdI4OH1Q,0,2020-12-27
2523,cuhoan28172,1CTkLub25hJZ,3,2020-12-27
2524,daodieu20931,exBCMmdQvyF1hO8,0,2020-12-27
2525,doanhuyen57818,VGv3Pew7c0vejj,1,2020-12-27
2526,mailuyen44546,IoZJoCNQ6,0,2020-12-27
2527,phanmai93973,wevEcuHiP64WBg,3,2020-12-27
2528,phungquy66192,br3PSJVeU,2,2020-12-27
2529,xalien4336,HoiYHNNaPVoVz,0,2020-12-27
2530,dangminh78382,6sAqIb1x,0,2020-12-27
2531,mailong69825,uZdRMIuxSk9r,0,2020-12-27
2532,phanluyen96097,JPX7YPsLhFPx,2,2020-12-27
2533,doanlien69152,z9018NDstTCj,0,2020-12-27
2534,trandao17146,mO87qWut6MtSM,1,2020-12-27
2535,xaphuong41406,QIUxKrXLt,2,2020-12-27
2536,vanlong97906,oiMGdCJ8SsXI7nV,1,2020-12-27
2537,dacquang52712,DiifoGvfdzqP,3,2020-12-27
2538,dacphan29317,Sj1id2YVU6Ei6,0,2020-12-27
2539,vanquyet31801,PMn8hF3wJny,0,2020-12-27
2540,dodung92351,MEwqKHwCR,1,2020-12-27
2541,duythang52956,wkURHxT8QGQ3fAD,2,2020-12-27
2542,phungtruong99676,rT1EVrRW,1,2020-12-27
2543,nguyenviet28999,qyeXll6NOSX,3,2020-12-27
2544,vanhao71100,Mcc31EGjYj4yv,2,2020-12-27
2545,dangvinh30887,e44eSrS97K,2,2020-12-27
2546,duyquang4073,ZtIOD00zB31hdN,1,2020-12-27
2547,xaquyet83331,K57gNDSm,2,2020-12-27
2548,cuquyen88049,SWJOYA2IoULFpRo,0,2020-12-27
2549,phungtruong19943,jxsjXjR9CokOua,0,2020-12-27
2550,namduc42178,STqERRhg9J,2,2020-12-27
2551,phamviet77562,KIh7kba6giOnA1,3,2020-12-27
2552,cuphuong26101,65DkMhLa,3,2020-12-27
2553,mailien94501,yDD3Xhqz1,3,2020-12-27
2554,daclong75093,KW205Pxuj9tc4n,3,2020-12-27
2555,xaminh64679,YvY84pUcfI3rlr,2,2020-12-27
2556,vanhoa83264,9pORxpFlrDqeGFO,2,2020-12-27
2557,phanphuc79611,1CKzVsIj,2,2020-12-27
2558,vanphong22436,0W3QKIAXQTj,3,2020-12-27
2559,lephong18460,qLWQ8pcIRfmxdU9,2,2020-12-27
2560,dangquy59425,d7CoDWVZujHF,0,2020-12-27
2561,vanduc11633,aHL5mAYX,0,2020-12-27
2562,cuhoa51376,zZibcUZtZGfPh6z,2,2020-12-27
2563,hophuc40846,kfOwjE7UNSBWa,1,2020-12-27
2564,namduc12917,Wj1HmI1MM,0,2020-12-27
2565,lytruong54351,BugMLUnLf87,3,2020-12-27
2566,danglien82240,yjuXZqn2kcOOs,0,2020-12-27
2567,nguyenphuc14303,TWQ5e52xYsM,3,2020-12-27
2568,hoanglam74635,e55Ho744o2ERy,3,2020-12-27
2569,doanquyet94356,xxOjTN8yafV,0,2020-12-27
2570,maithang9937,Go1ruSbG,1,2020-12-27
2571,daotruong96682,Nocwx31g,2,2020-12-27
2572,xaquang12548,kUeBIk6qDi,3,2020-12-27
2573,hodao58608,0W1g8oPp8nh,0,2020-12-27
2574,trantuan51306,5kEwCaCnKJcYM,1,2020-12-27
2575,phamdieu19305,zZtjJSP6SSuAUO,1,2020-12-27
2576,namdao44879,IOifG3OSZOzoBf,3,2020-12-27
2577,phanphuc9820,wTaKIwZuMI,1,2020-12-27
2578,lyviet9183,k6kGGnt32s3S5M,1,2020-12-27
2579,hotruong37888,HGr3IOblfTroOq,2,2020-12-27
2580,daohai74391,BMpkvlH7n,0,2020-12-27
2581,dacduc12200,Xgi9WfQL,3,2020-12-27
2582,doanquang1996,wsugEwBX,3,2020-12-27
2583,dachoa41912,nNsZrTbg3yOc,1,2020-12-27
2584,vanmai38944,anfsPVCNRkIR,1,2020-12-27
2585,namhoa58021,1TcZaOtvO,3,2020-12-27
2586,daclinh85470,otuUv4EqqmNz,2,2020-12-27
2587,lyquy45557,dK30GZnThRlF8dl,1,2020-12-27
2588,nguyenviet33750,kNU6mySSP,0,2020-12-27
2589,vanquyet25792,Cb2MsAuXilqBnf,1,2020-12-27
2590,maiphuc10609,GWh3d57DO,0,2020-12-27
2591,phungquynh91100,U41GqQeK,3,2020-12-27
2592,phungphuc2160,wXoEeiqLivTeXU,0,2020-12-27
2593,xaphuong42046,WsGQ7TxtPrgS,0,2020-12-27
2594,nguyenthang10950,lya7grp6,2,2020-12-27
2595,lyhuyen37021,QYHIuiks5RrU,2,2020-12-27
2596,maigiang91120,sFc0yc7Nymq,3,2020-12-27
2597,cuquyet61579,QOKDSwoDaaeDj,2,2020-12-27
2598,phanlam67211,n4HhcIKuaE,0,2020-12-27
2599,doanlong52295,E9xU0QHWMPoMMf,3,2020-12-27
2600,tranlinh34596,d6EkunpDV3rCMZq,1,2020-12-27
2601,lequang31216,ZIyNhF1vnedT,3,2020-12-27
2602,duydieu53713,IYFyJ1H4b3rFtg,1,2020-12-27
2603,doanhao22723,wpZy8e3t5Av0hF,0,2020-12-27
2604,lephuc84970,izQEip6hdpT4gXw,3,2020-12-27
2605,tranhoan38478,Y9g62Xav,3,2020-12-27
2606,doandung13313,K8me6TH2b2c4,3,2020-12-27
2607,dacluyen13340,BDt3qfHHjYCy,3,2020-12-27
2608,duyhuyen88097,KUqElrm7K,1,2020-12-27
2609,lehai25124,Jd7f9tdvdx,0,2020-12-27
2610,xalong89310,uevIYqsjP6oOQY,2,2020-12-27
2611,doanviet49973,kHCnzpHP2iIXqpo,0,2020-12-27
2612,phunggiang86726,sXpB7yTxMRZGMWO,3,2020-12-27
2613,dangviet87213,576YfdhdtTwzZ,3,2020-12-27
2614,daodieu7326,dl8ZSi2V3m,1,2020-12-27
2615,duydao31515,k9brGkQQa8WFd,1,2020-12-27
2616,phungquy77918,dF8Z4g57gHGk,2,2020-12-27
2617,hoquyen95500,v4KQVdNgNDfobK,0,2020-12-27
2618,phunghoan20119,5rCPELfl,2,2020-12-27
2619,holuyen67797,M9IORArNp5UFW,2,2020-12-27
2620,maiphan25076,qToNV0bNZBEAjC,1,2020-12-27
2621,lephuc52908,2c0XuzHrOhJpWI4,1,2020-12-27
2622,vannam77409,rmCxrcTA4Z,3,2020-12-27
2623,xaquang27281,LVToqHijiP0BYe,3,2020-12-27
2624,danghuyen44573,nNpWVH0NR0L,2,2020-12-27
2625,vanlinh12044,NsBIAfETslk3,3,2020-12-27
2626,xaviet75485,glp1jakpa,0,2020-12-27
2627,doquyet77741,qeJP1TmTMU9K,3,2020-12-27
2628,vanlien95631,bMrQtX4uZi4ebpY,1,2020-12-27
2629,hoanghoa12480,Rif0w018WDX75,2,2020-12-27
2630,doquyen34920,Xu2G7EQvKkP,0,2020-12-27
2631,cudao33238,q4w73FsI,2,2020-12-27
2632,lydieu75265,Z7trJr3pY7Zle,1,2020-12-27
2633,dacdung43630,lN2rEthRv8J,2,2020-12-27
2634,lequynh41242,KYXmw0pycbFU1,2,2020-12-27
2635,mailuyen53815,PQ0bgHBL,1,2020-12-27
2636,xaquang68124,megiDclu9B,3,2020-12-27
2637,daoluyen61860,F1IcbUvaNyfF1,1,2020-12-27
2638,phamhai76992,AKcHyKCMLSVYf,1,2020-12-27
2639,nguyentruong23336,CxgmABozLoCyy2H,3,2020-12-27
2640,vanhuyen47071,Xm8Ef9ReVMwiT,3,2020-12-27
2641,vanquyet75863,NSHmTt1BOEbvmmV,0,2020-12-27
2643,tranviet61073,Mt0Gq2lYft,0,2020-12-27
2644,xalam63756,rFZrlZPA,1,2020-12-27
2645,phanhuyen91298,KvC28YeYG7tmD,2,2020-12-27
2646,tranhao44529,zie3c3KaGZj,3,2020-12-27
2647,phungnam11674,sh6l6On0Vtp3Vv3,1,2020-12-27
2648,maithu32806,5GR3j7kGehh48Ao,1,2020-12-27
2649,phandung16482,ACsRYs3dk,2,2020-12-27
2650,hoquyen89524,zaOHJ24F2axvl3,1,2020-12-27
2651,daclam41861,CHvMEcNPkXo,0,2020-12-27
2652,nguyenhoan10781,p7Y4AZPnWsP,1,2020-12-27
2653,nguyenphuc45299,pWqZldtULtG,1,2020-12-27
2654,xavinh80371,t3tqVXVww,3,2020-12-27
2655,hoangthach54870,ajthYH6KDvohXU,3,2020-12-27
2656,phunghoa65805,7Eq6afhy9G0iR,1,2020-12-27
2657,maidung65787,x0GQh1huSu,3,2020-12-27
2658,dangquyen83382,bTO9azImcYGeio,1,2020-12-27
2659,xalien74486,5JRamvxQUT4y3,0,2020-12-27
2660,phungphong69142,PKbz5TMdb3,2,2020-12-27
2661,phanduc61267,lKp7Hfwthk,1,2020-12-27
2662,vanthang89914,2RqBXx4X0A,0,2020-12-27
2663,cutruong6954,PNw37H7oKgh,0,2020-12-27
2664,doanphuong59352,uP0uFXNZleCZ,0,2020-12-27
2665,doanphuc78779,JXBR85Ipz,3,2020-12-27
2666,vantuan75175,XhJhSr5t3,2,2020-12-27
2667,maiquynh55778,UPBq0T9l,2,2020-12-27
2668,doantruong59056,Twbo5uoFnmS,3,2020-12-27
2669,33311abcdefgh,wnvQzZo6Nq,2,2020-12-27
2670,dolong37613,X29rC9C5UslkQW,1,2020-12-27
2671,maiphong61369,1u8Pw5mirGL,2,2020-12-27
2672,hoangtuan96176,alJjw8TAnJ,2,2020-12-27
2673,vanthang32611,5sq2EORS37Fm,1,2020-12-27
2674,hoangtuan39330,HHTB42Vt7oKW,3,2020-12-27
2675,tranhai50963,ugUlIryVALMcT,2,2020-12-27
2676,84420abcdefgh,PTZuhA7fhTtDRL,0,2020-12-27
2677,phunglinh8789,2qyqjarXxl8FeJ,2,2020-12-27
2678,dacgiang4034,JUJWMI5mfL,1,2020-12-27
2679,dangthang18981,pBewIaAECYO6HA,3,2020-12-27
2680,nammai97017,aqDGVULIpoej9,1,2020-12-27
2681,vanphan30983,stikFAHu7L0HiN,0,2020-12-27
2682,namphong39147,sHy8Bgpwfaw,2,2020-12-27
2683,phanlien60644,LNUWudBj,3,2020-12-27
2684,phandao90227,hzUW5FGQ8ewVGH,1,2020-12-27
2685,phanminh88586,XFLqXuvx,2,2020-12-27
2686,namhoa97848,W60XlcoLXfZ,2,2020-12-27
2687,lyhai17929,XWv2yHUhkmW,2,2020-12-27
2688,nguyenhai87373,Iy9KjNDE,0,2020-12-27
2689,lethach36679,L0GqzlHeCcSBfwb,1,2020-12-27
2690,dodieu65232,07dPfwErczZgZo,3,2020-12-27
2691,lyduc79649,zULgGU1h9g,1,2020-12-27
2692,hotuan42416,P4sQa2shrpFSc,3,2020-12-27
2693,xagiang40205,vS866MPqo,0,2020-12-27
2694,vandieu86200,2nr6oLwxvIL45G7,3,2020-12-27
2695,doanphan26278,MJ2gc7zzc13,0,2020-12-27
2696,vandieu5672,LnLYDyTKhPwh,2,2020-12-27
2697,lelong3377,XaeqYGJMxX3M,2,2020-12-27
2698,dominh91865,RHhEzyhzdW8,2,2020-12-27
2699,trandieu64315,8S6WpBpiGcvo,1,2020-12-27
2700,daoquang21444,7bD4kWz4GlV,0,2020-12-27
2701,vanquang21607,6ukLec0g7LkHWO,3,2020-12-27
2702,xalien65445,StzPb0Mki9pZE,2,2020-12-27
2703,daolinh19094,yhcBorSNyJTAZ,3,2020-12-27
2704,xahai36765,C4rC4tyA4Bmsg,0,2020-12-27
2705,phamthang17357,EVubAmcVwN4,1,2020-12-27
2706,phanquang8935,boHvVZA8DQOM,3,2020-12-27
2707,nammai61658,ETRs24W06Q,2,2020-12-27
2708,hodieu17031,X3HHXUHcl,3,2020-12-27
2709,dothach98318,JKuGdJSBIDl,0,2020-12-27
2710,daolien91063,Xl6cNPKkG,3,2020-12-27
2711,dangtruong77371,0CfT6AWtk,0,2020-12-27
2712,trandieu48420,O057ToD9fJ,1,2020-12-27
2713,hovinh6411,aiwsErQjssHo4,2,2020-12-27
2714,hoangphan51826,uJZBApIAJ4,3,2020-12-27
2715,doanduc20160,IBYyNI7Of,2,2020-12-27
2716,phamhao46392,2z5zxBPxU0wn,1,2020-12-27
2717,dangquang76424,RbZZV7o7,0,2020-12-27
2718,maithu66290,nhTwLyb7yywS,0,2020-12-27
2719,daophuong42676,ZOADvqTrctxQIA,2,2020-12-27
2720,dacphuong45203,pp028ui7179uRgd,3,2020-12-27
2721,maithu89633,A1urIdSElBdXK,0,2020-12-27
2722,maithach79933,UlvOynn7SZyh,2,2020-12-27
2723,tranviet55205,uT8leRhKSn0MLX,0,2020-12-27
2724,dophan14842,LznIN8xc,1,2020-12-27
2725,vandieu80479,qCYuSxt7qhuVQ,2,2020-12-27
2726,vanhoa53621,DbeTb3JLotMh,0,2020-12-27
2727,phungviet21738,lENo1qSmKlMcOT,3,2020-12-27
2728,doanquyen42056,aZKHihg9WkRoXI,2,2020-12-27
2729,duydieu99112,GloFag01KxY,2,2020-12-27
2730,phamquyet88932,qPG1N49jY1Y,2,2020-12-27
2731,phamviet38881,UsG8FqBeJC,0,2020-12-27
2732,nguyenthach75876,hH8z0fc3t,2,2020-12-27
2733,lyphuc75733,xmVU3ZLi84b5Ez,0,2020-12-27
2734,lythu72810,bXpjXDldaUJlGet,2,2020-12-27
2735,phunghao35308,70JnGdXzY,3,2020-12-27
2736,phamhuyen59574,tzAE5FKC,0,2020-12-27
2737,cuhao15291,QtWzMbB46W,2,2020-12-27
2738,phanhai27145,7bIWOzdo8CIuE6,3,2020-12-27
2739,hoangthach71639,OBWGt7q37FFH,3,2020-12-27
2740,cuhuyen74595,dPJUIUAq54W5jrJ,1,2020-12-27
2741,daothang36171,DdzbPvPHMnFE3EV,3,2020-12-27
2742,tranphong98530,r46krTSBd1f9D,3,2020-12-27
2743,vandung5552,vnPzwxrVNwQ,3,2020-12-27
2744,duyphuong26002,owTWZag1,3,2020-12-27
2745,xahoan33557,2OUO83AiANAuu,0,2020-12-27
2746,hohai12320,1FdkWqWpd,0,2020-12-27
2747,daoquyen54052,FShuPbG7pl,2,2020-12-27
2748,vanhai48919,S3PfndM1nt0,1,2020-12-27
2749,xavinh98098,nrCW3Yher7,1,2020-12-27
2750,maitruong8032,rUvB4Pj27k,1,2020-12-27
2751,lygiang33107,Q4Jz9ZvEe,2,2020-12-27
2752,phanhoa89543,JjhalBtcmkF,1,2020-12-27
2753,vanquynh65007,3dPlRekE51M,3,2020-12-27
2754,maituan71876,PaXHqZiOs,3,2020-12-27
2755,doanduc60276,t8CpHnsw,3,2020-12-27
2756,daohai31899,qewJ40qg67uyl6,0,2020-12-27
2757,phanhuyen66011,J5LFMpzENk,3,2020-12-27
2758,lylien79173,OpJjKf1V0,3,2020-12-27
2759,hoangmai89339,FDaTR8p7y,0,2020-12-27
2760,lylinh11204,sbVHGlhsxopiXy,3,2020-12-27
2761,xaquy59845,fQEA19GAIm,2,2020-12-27
2762,lydao64738,E8fBqgsZUbVMh2,2,2020-12-27
2763,phungdieu60734,yJuM2MXD3k,2,2020-12-27
2764,daogiang55650,JKM0dW9isZd9gHT,1,2020-12-27
2765,cuquynh96998,r6uWiAnvr,0,2020-12-27
2766,culuyen58702,xFtIhEtg2Nkbcg9,2,2020-12-27
2767,lyhoa6202,G8A1RoXmOubjIVf,0,2020-12-27
2768,lyhao94790,guaVOolGOoeS4,2,2020-12-27
2769,dodung4284,ABlY6vF1Xmwg,1,2020-12-27
2770,hoangphan42218,qFmRDU0r8ZQF,1,2020-12-27
2771,vanhoa87121,8Txdciceb1ZUUxQ,3,2020-12-27
2772,tranquyet87577,ZirsAu0lb,0,2020-12-27
2773,mailien89197,DGB3wOPsOzpLgQ,2,2020-12-27
2774,duyluyen16444,QUJ8fsxAu9X3,1,2020-12-27
2775,vanhoa35643,3Fc4gAvfz,3,2020-12-27
2776,vanvinh92211,oe3kY98VDA0mU,0,2020-12-27
2777,lyhoan92694,FtMUXCL9FoH4EyN,3,2020-12-27
2778,hoangphong64342,One1DMGEKAwWf3,0,2020-12-27
2779,phunghai2200,Co40viyN8j,1,2020-12-27
2780,ledung86387,O9B55Lid,1,2020-12-27
2781,vanphuong29920,ngdf0X4Fx,0,2020-12-27
2782,doluyen85931,tgBx7U9XjE,3,2020-12-27
2783,maiviet67216,NEjbsGraMJx5OE,2,2020-12-27
2784,danggiang72762,iKvEdfMLcJ710K,3,2020-12-27
2785,phungdao62863,NrJdejhecAz,2,2020-12-27
2786,42737abcdefgh,EJf0NcDfbJOchHy,0,2020-12-27
2787,letuan40241,nMOwBbiGl,0,2020-12-27
2788,phunghuyen38056,uJgWQE6Er1t,1,2020-12-27
2789,duyphuc29976,I4SoZ1jrVxUZ7,3,2020-12-27
2790,namphuc53653,KLM83vvc8,1,2020-12-27
2791,duyquyet43412,hqFAZmtefYL,3,2020-12-27
2792,dacthu43443,EccjxVPUuycl6,2,2020-12-27
2793,phungquyet45926,ICdSdA7L9NT,3,2020-12-27
2794,hohoa97047,qP5GS2TGt6MG6G,2,2020-12-27
2795,phungdao31006,OlIJF8TMs,1,2020-12-27
2796,tranquang33026,vVge0ocJ6CJmEU,3,2020-12-27
2797,phamthu96079,vwFOFAtEi2AK1,0,2020-12-27
2798,ledieu97814,CJEHdiFwTIPB,3,2020-12-27
2799,lehoa13104,NjPDqPVUexfu,1,2020-12-27
2800,doanhoa6556,RGXZzb5JB,3,2020-12-27
2801,mailong87740,pgiUVEx1i,3,2020-12-27
2802,doquy99216,21MM7ewmlvAIs,2,2020-12-27
2803,hoduc79438,zVnu1ulcz,2,2020-12-27
2804,phannam31860,H4PkAFFt,3,2020-12-27
2805,daohoa74222,lq8OocbZMMc5kEo,2,2020-12-27
2806,maiquyen16425,9Nnrut8RupPbmBy,1,2020-12-27
2807,nguyenlien69097,TQVD7d9GaQmBq,3,2020-12-27
2808,nguyenthach81062,R3CXDkGJFV4,0,2020-12-27
2809,dacquy43508,kUUNUSjy,3,2020-12-27
2810,holong9328,0tZgEeIBAN,0,2020-12-27
2811,hoangluyen27895,3EFINHsEWqP,1,2020-12-27
2812,vanquynh66583,8Sa3z5xaYL9,1,2020-12-27
2813,cuhai38885,0SEWF1r6C4j9sf,3,2020-12-27
2814,duydao51691,mqsc6bR9hgft,1,2020-12-27
2815,maihai82956,MVcIf1gKU8t1P,3,2020-12-27
2816,duyquyen61058,vQP3l6aQ2hmTovQ,0,2020-12-27
2817,cuthu94488,IKH2YQnA6nsUcq,2,2020-12-27
2818,dachoa98668,KVJmEAnc,2,2020-12-27
2819,holien52533,MVfEgVI8tV7zOX,0,2020-12-27
2820,phamhai31505,Z3FjOh5XPfEw,0,2020-12-27
2821,phamphuc77998,JSaMR6rsMbbxrF,0,2020-12-27
2822,maigiang54892,UNGcZHGNqINxj,3,2020-12-27
2823,phanquyen95737,iyv5pqhlMD,2,2020-12-27
2824,lyquyen31049,uh4A35maQP,0,2020-12-27
2825,nguyendung45631,jgyqOuAzG,0,2020-12-27
2826,doanduc9653,FBTxV8Pgu4,0,2020-12-27
2827,dangquyen50106,Hi9CZFtq,3,2020-12-27
2828,daodung31247,w3G4K6P6,2,2020-12-27
2829,phamthach81643,e8Hd3j83LUHtbou,1,2020-12-27
2830,hoangquynh73138,bR7kjqgnzf24O,2,2020-12-27
2831,nguyenhoan42801,qU1htJSuc,1,2020-12-27
2832,nguyenhoa53071,BtCwkw5b,1,2020-12-27
2833,duythach26315,rgFn8nO7Pj,2,2020-12-27
2834,duythang34043,jqAM6pBZtLbIE7,3,2020-12-27
2835,phungphuc92089,UzOBDj3P,0,2020-12-27
2836,vanphan9724,XtH7SGwN5TLF0,1,2020-12-27
2837,vantruong30927,rM1hBUH0,3,2020-12-27
2838,hohai27265,3IPb4R4ZbQy,0,2020-12-27
2839,phanquy54217,QbphdZldnsD4a,0,2020-12-27
2840,dangquyen9092,txLnIN1GvLbo7O,1,2020-12-27
2841,vanviet48951,vp3cwVMo,1,2020-12-27
2842,maiphuong49314,H88u84OUPolmrVW,0,2020-12-27
2843,duynam71651,NYbNIPekeWup,3,2020-12-27
2844,mailien61859,NmVcSvzqzlyY,2,2020-12-27
2845,hoangvinh74502,x7w2B8rG7elZUH,3,2020-12-27
2846,hoquynh3156,QieiYGcjiDScg,3,2020-12-27
2847,cuhoan62033,yYjZqhg1dmCx0,0,2020-12-27
2848,hoquyet75561,ppO9QjpVQzg,3,2020-12-27
2849,daonam26011,AFt1XalVPMni,3,2020-12-27
2850,daothu38761,TdmeHRGo0V1,2,2020-12-27
2851,lyquang43946,j473jg8h,0,2020-12-27
2852,nguyenlam97144,aAyMZ00S,3,2020-12-27
2853,phandung8271,HHdCYHguxTs6tx,2,2020-12-27
2854,cugiang77431,lf2xLpkH3MXc2c,1,2020-12-27
2855,xaphuong43984,JhZavtal,3,2020-12-27
2856,maihoa51915,5eHIihayXfheK,2,2020-12-27
2857,lylien15557,jODZngicrFWfoy,0,2020-12-27
2858,tranthu65234,s14YrIac,0,2020-12-27
2859,phamquynh11429,9Zcs3AC0mYw,3,2020-12-27
2860,vanviet65015,vOQbAb5S8,1,2020-12-27
2861,nguyenlinh82583,uX5pDtE8MJbYGr,3,2020-12-27
2862,danghoa65796,a8UREJNPa,3,2020-12-27
2863,lehai29969,Vl8H5SgI,0,2020-12-27
2864,dacphong13392,7B16HxjzOl,2,2020-12-27
2865,namlam96330,fhctYAK3FUPD9,1,2020-12-27
2866,phungminh16380,3BMuAGCNaw,0,2020-12-27
2867,vanthang34811,9GOp7qpopwcX8,3,2020-12-27
2868,mailien31577,ntb1hI0munn9F,2,2020-12-27
2869,maidieu60375,2L6WGYVIbJ,3,2020-12-27
2870,hoanghao64182,dqOJLgPqfOY,3,2020-12-27
2871,vanphan47165,denXqiVTSBs,2,2020-12-27
2872,danglong22010,ZeM87TBt,1,2020-12-27
2873,maiquyen51569,N50KnUsAZ2,3,2020-12-27
2874,doduc13909,fVWnZ2gjV,2,2020-12-27
2875,maihoa46390,gYkId3mjcXc,2,2020-12-27
2876,doanthach71036,zVkaJ6kM2ak,0,2020-12-27
2877,cudieu86345,VLY3ClajFO,3,2020-12-27
2878,nguyenmai19567,xfPwZ3HfKaW,3,2020-12-27
2879,phanlam30526,rJPGvQBeahH,2,2020-12-27
2880,duyhoa44281,1o0VkXrn,0,2020-12-27
2881,namquy64018,geucLGQM,1,2020-12-27
2882,nguyenhoan24702,WBituhbThsPw,3,2020-12-27
2883,doannam20116,M0L0QPhOhVV,1,2020-12-27
2884,dohai48350,CaIr4UhrdOh20,2,2020-12-27
2885,culong58725,TYEqMyWkpq1PL,0,2020-12-27
2886,phungtuan30723,jjH1rsT9yJ24De,1,2020-12-27
2887,lydieu68720,BxyvTCGCss2T,1,2020-12-27
2888,hothang42759,jCVmIQxQaj,2,2020-12-27
2889,phamtuan28100,C9eYsKqPL2,3,2020-12-27
2890,maithach59491,52RiZW9iebDkQG,1,2020-12-27
2891,phanquynh52507,S61UWUTs78a,1,2020-12-27
2892,trantuan52766,9zbFPyvnIEiB5,2,2020-12-27
2893,dacdao45768,SGm13GA2qkCss,0,2020-12-27
2894,phanthu84807,OhBl8YmmGrh,3,2020-12-27
2895,dacthu50581,ksVi4AXAApLYX,2,2020-12-27
2896,dangthu73517,xVVThKk5y,2,2020-12-27
2897,ledieu78302,3XdNIdwjQzH,2,2020-12-27
2898,cuhai22471,9iFyJpmMza6QmrS,0,2020-12-27
2899,maiquang21039,uCps8EXR5Jc,0,2020-12-27
2900,vanlam22549,NidAP56bV,1,2020-12-27
2901,doandung53775,fMfmd71sr75VTu,1,2020-12-27
2902,cuquynh37174,SPCJTBgQhZyv,2,2020-12-27
2903,daoduc13433,488KPcF8mLKIdF,1,2020-12-27
2904,nguyenduc98976,ScObbfl6T3JfY,3,2020-12-27
2905,duyhai14313,lLy2lvSMuL0Gh9a,3,2020-12-27
2906,vanphuc88922,XSxnmzk9,3,2020-12-27
2907,daohoa97655,dvlGvS0jX,3,2020-12-27
2908,duyvinh41866,vjCS8bpn,0,2020-12-27
2909,vangiang36615,mfTDk28gIrf,3,2020-12-27
2910,daclong50357,AFRYusbCi8i6,2,2020-12-27
2911,phanthu67783,sImDZEt04,1,2020-12-27
2912,holien47283,CdnFW6bEiNBLpOE,1,2020-12-27
2913,namhuyen90422,OCRikTSj3oAXws,1,2020-12-27
2914,xaphan90232,FFAXZQf1U,2,2020-12-27
2915,xahai2152,b6UVsNaRQO7JhA,3,2020-12-27
2916,duyhao86769,bBlizSIzxr,0,2020-12-27
2917,duylinh34527,ojL72LQZs8k,0,2020-12-27
2918,phanquyen66777,3nOPlvyy5WMQip,2,2020-12-27
2919,phunghoa96965,EeB4P7soex,2,2020-12-27
2920,daohai73785,OyQHALWekh8,2,2020-12-27
2921,tranmai79689,oxdkOKVoHkVw,0,2020-12-27
2922,tranlong41371,PrjG2kS79H00z,0,2020-12-27
2923,namhoa12139,j44kT4kQ206,1,2020-12-27
2924,phunglinh36740,b7LGH3hd,3,2020-12-27
2925,tranlong52487,R4YdGOadMT,1,2020-12-27
2926,dachuyen79424,JSfAdEYuGy7C,0,2020-12-27
2927,duythang95719,jDlCnj3W0,2,2020-12-27
2928,vanhoan54832,pFluDhLRO,0,2020-12-27
2929,phunghoan94555,mU7DcSDvil9hv,1,2020-12-27
2930,danghuyen4672,wKs5OKmNOPP2Ddr,3,2020-12-27
2931,hohoa15566,cdLlgbGN,3,2020-12-27
2932,phamquynh44317,l5hHJvj3oWP,2,2020-12-27
2933,hoangquy84304,E7V7SNmTGPWy,3,2020-12-27
2934,tranquyet28696,baknQOYqr,2,2020-12-27
2935,lytuan97670,ISMN0uOVGFWiuF,1,2020-12-27
2936,phamnam70478,hmGz329VaDx1,0,2020-12-27
2937,honam39936,0xBh8Jhg8o87,0,2020-12-27
2938,holuyen96228,RDeek3rvb8wFdX,2,2020-12-27
2939,maiminh11679,XQHcLc5T,0,2020-12-27
2940,maiduc56072,V5LDiQlU,1,2020-12-27
2941,hoangquyen37215,LsfX1uCOKWed,0,2020-12-27
2942,holuyen49646,IalUexmUhn9,3,2020-12-27
2943,tranquang15724,rsXpRJ8b77,2,2020-12-27
2944,nguyenhoan10697,iighB1c6lTQ,2,2020-12-27
2945,tranvinh35057,3wMu5Tu0N9tSO,3,2020-12-27
2946,lequang72684,1fg8jLm0LYJ0c,3,2020-12-27
2947,duyquyen74982,rT0rLTJ2U84L,1,2020-12-27
2948,cuquyet63496,D8HsOqrUkPer,1,2020-12-27
2949,xagiang92289,SZyD1Pi0Jcn4I,2,2020-12-27
2950,tranviet38128,52v9GGrB,0,2020-12-27
2951,vandao83884,UtyhYRUq3GA,0,2020-12-27
2952,dotuan33881,ahMgj75g,1,2020-12-27
2953,nguyenhoa97147,NfG66Y4ke,1,2020-12-27
2954,tranlinh43636,3AukiQ99,0,2020-12-27
2955,namdieu11686,AFCN3r4Uc,2,2020-12-27
2956,vanduc47961,rzBOtoiHsf4UxR,2,2020-12-27
2957,xaquyet90400,05ONQOCwVJ3rac,2,2020-12-27
2958,phamhuyen62333,r1X3hxrZ,3,2020-12-27
2959,maiduc46105,pGNwDf5k9ZZ5ir,2,2020-12-27
2960,daohai60903,9lCuIBfQn,1,2020-12-27
2961,vanhai13888,zOAXAZYNnoB,3,2020-12-27
2962,hohoa14907,jobokIC0bOC,0,2020-12-27
2963,16464abcdefgh,6WZ3JtaJaS,3,2020-12-27
2964,phanmai8770,MXgdlN83P71c,0,2020-12-27
2965,cuthu44184,L0ss5402aWcnA60,2,2020-12-27
2966,vanlong43387,0LKbBrzsqteTRb,1,2020-12-27
2967,namviet24226,p69c3sYJ,1,2020-12-27
2968,daclam7096,wyWovjjXwNjmY,3,2020-12-27
2969,daolong55711,QGCJXztQJUR,1,2020-12-27
2970,phamlam90129,jcZqbEVP2YSE4,0,2020-12-27
2971,vanhao17805,ou1LM6HoFdDkR5,1,2020-12-27
2972,hogiang58801,B7ENCYqdYjed,3,2020-12-27
2973,namlam49842,YCEm5ClaImaxJIF,0,2020-12-27
2974,lethang61887,Fn2LEwMi1,0,2020-12-27
2975,dangphuong60711,nQEJgT3VsKSP,3,2020-12-27
2976,nguyenhai84296,ZaY25kJvrvYq,3,2020-12-27
2977,vangiang37282,PtHAQjYH3,3,2020-12-27
2978,phanhai22300,jLlYbjcOCgq300,2,2020-12-27
2979,namlong78426,6feZoznKIID,2,2020-12-27
2980,vanphuong38774,rABveEUt,1,2020-12-27
2981,tranhoan92033,BrKNNSRQ7FH4,3,2020-12-27
2982,namtruong25807,gRdXHsWn,2,2020-12-27
2983,maituan41485,0dh4rVl52Z,1,2020-12-27
2984,vanphong21525,1OxGZ7gs5lbYhK,3,2020-12-27
2985,culinh62795,L9OGb7DAPkexdu,0,2020-12-27
2986,daohoa82058,gwMceBBMCvPu,0,2020-12-27
2987,cudieu20416,p2ff080YSQ,1,2020-12-27
2988,cuviet81877,Kv1EEJztMbd,2,2020-12-27
2989,hoquyet45849,Xu0tquAbXchh62L,3,2020-12-27
2990,duyhai70280,WVDLOs1ocazQDtB,3,2020-12-27
2991,daohai43653,ua4nmn2qa7W,2,2020-12-27
2992,hoquynh38055,z43wRU2KBrCK,1,2020-12-27
2993,cuhuyen24753,FGXzjhYq4RP,2,2020-12-27
2994,nguyenlinh92901,mF0OkSU4,0,2020-12-27
2995,dophuong69561,az8845gO,0,2020-12-27
2996,doanquynh3391,LOTga80TQ,2,2020-12-27
2997,daophuong91630,x1ZIZJpxBQ7,0,2020-12-27
2998,vandao75784,1jFCztk4,0,2020-12-27
2999,hothu83264,sxbBNqxw,3,2020-12-27
3000,nguyendao80585,yc4QpllEUdOs8O,0,2020-12-27
3,maiphong0411,maiphong0411,1,2020-12-31
4,maiphong1234,maiphong1234,2,2020-12-31
5,phongmt184172,phongmt184172,2,2021-01-01
6,phong1234,phong1234,2,2021-01-02
7,gocuatraitim,gocuatraitim,1,2021-01-03
8,antuhinh1234,antuhinh1234,1,2021-01-03
9,laphonglam1234,laphonglam1234,1,2021-01-03
10,nguyenhoanghai123,nguyenhoanghai123,1,2021-01-03
11,quangle123,quangle123,1,2021-01-03
12,applepen1234,applepen1234,1,2021-01-04
13,phamtruong1234,phamtruong1234,1,2021-01-04
14,phamtuan1234,phamtuan1234,1,2021-01-04
16,nguyenvanb,nguyenvanb,1,2021-01-04
19,maivietdung,maivietdung,1,2021-01-04
20,nguyentruongthach,nguyentruongthach,1,2021-01-04
18,maitunglam,maitunglam,2,2021-01-04
21,tranconghoan,tranconghoan,1,2021-01-04
22,nguyenthaihoc,nguyenthaihoc,1,2021-01-04
23,nguyenvand,nguyenvand,1,2021-01-04
24,nguyenvane,nguyenvane,1,2021-01-04
25,gocuatraitim123,gocuatraitim,1,2021-01-04
26,lebaluan123,lebaluan123,1,2021-01-04
27,toilatoitest1234,toilatoitest1234,1,2021-01-04
28,sontungmtp1234,sontungmtp1234,1,2021-01-04
29,trieutulong1234,trieutulong1234,2,2021-01-04
1005,vanlam50251,oLVThh9BuQkNE,2,2020-12-27
31,maiphong04112000,123456789,0,2021-01-06
32,nguyengiaminh,123456789,0,2021-01-06
34,tranconghoan1234,123456789,0,2021-01-06
30,roiconmuaqua,roiconmuaqua,2,2021-01-06
17,maithephong,maithephong,2,2021-01-04
